Date,ASURB,BIMBOA,GFREGIOO,GMEXICOB,LABB
31/3/2017,325.06,46.59,111.71,56.28,22.35
30/3/2017,335.21,46.96,113.27,57.54,22.17
29/3/2017,329.33,47.51,114.21,58.17,22.31
28/3/2017,334.03,48.51,113.40,56.61,22.84
27/3/2017,330.73,48.17,112.07,58.22,23.09
24/3/2017,332.89,47.57,113.62,60.16,23.19
23/3/2017,316.46,47.12,110.95,60.39,23.66
22/3/2017,315.09,48.03,107.56,59.77,23.66
21/3/2017,314.63,46.73,110.79,58.89,23.99
17/3/2017,321.24,47.32,109.61,59.30,24.04
16/3/2017,316.80,46.29,108.85,59.18,23.14
15/3/2017,311.60,45.49,107.06,59.99,23.26
14/3/2017,315.25,45.45,106.88,59.31,22.82
13/3/2017,318.89,46.32,105.62,59.34,22.88
10/3/2017,320.22,46.52,106.38,59.16,23.14
9/3/2017,320.78,46.67,105.80,59.26,22.85
8/3/2017,322.79,46.69,105.02,59.72,22.86
7/3/2017,322.79,46.95,107.37,60.74,22.77
6/3/2017,322.91,47.43,105.42,62.41,23.32
3/3/2017,314.87,46.94,105.70,62.90,23.14
2/3/2017,313.14,46.80,104.59,63.36,22.72
1/3/2017,322.45,46.48,104.98,61.89,23.36
28/2/2017,317.65,47.42,104.01,60.94,23.09
27/2/2017,313.04,47.33,105.02,61.44,24.52
24/2/2017,310.93,46.95,107.01,62.23,24.28
23/2/2017,305.47,47.66,106.82,63.03,23.90
22/2/2017,311.37,48.11,107.60,64.80,23.70
21/2/2017,317.94,48.11,108.60,66.94,23.95
20/2/2017,315.79,47.97,107.91,65.01,24.11
17/2/2017,319.81,47.56,107.01,64.33,23.87
16/2/2017,313.39,47.80,107.56,65.08,23.03
15/2/2017,310.72,47.36,107.82,64.51,22.95
14/2/2017,312.22,47.52,107.93,66.28,23.65
13/2/2017,315.00,48.30,108.92,66.20,23.90
10/2/2017,318.80,48.44,109.55,64.86,23.77
9/2/2017,315.48,47.23,110.00,63.13,23.13
8/2/2017,313.65,46.74,111.01,64.44,23.11
7/2/2017,305.10,47.03,112.97,63.82,23.10
3/2/2017,304.97,47.50,113.98,63.89,22.89
2/2/2017,304.16,46.56,114.83,63.31,22.74
1/2/2017,303.57,45.85,115.78,64.85,22.57
31/1/2017,302.13,46.23,115.81,62.54,21.88
30/1/2017,301.54,46.96,115.24,60.91,21.26
27/1/2017,301.52,47.46,115.65,61.68,20.88
26/1/2017,305.74,47.49,113.07,62.12,20.74
25/1/2017,313.47,48.38,115.26,64.56,20.52
24/1/2017,314.84,47.53,112.33,65.66,19.83
23/1/2017,309.12,46.84,109.39,62.86,19.72
20/1/2017,300.10,45.31,106.28,60.96,19.16
19/1/2017,295.44,46.55,106.69,60.42,19.65
18/1/2017,296.19,45.82,106.55,61.31,19.26
17/1/2017,303.92,45.80,106.25,59.57,20.21
16/1/2017,303.46,46.63,107.74,61.43,20.25
13/1/2017,304.34,46.51,109.71,61.89,20.20
12/1/2017,303.96,46.47,107.68,61.83,19.69
11/1/2017,304.92,46.49,106.09,59.98,19.97
10/1/2017,304.56,46.63,109.19,59.54,20.38
9/1/2017,296.10,46.30,113.87,57.43,20.15
6/1/2017,302.09,47.62,117.54,58.20,20.87
5/1/2017,306.71,47.29,115.61,59.49,21.00
4/1/2017,304.13,47.04,115.98,57.96,20.86
3/1/2017,298.99,46.44,116.69,57.43,21.50
2/1/2017,298.67,47.01,115.47,56.43,21.52
30/12/2016,298.67,47.01,115.47,56.43,21.52
29/12/2016,298.10,46.94,115.04,57.71,21.31
28/12/2016,298.12,45.17,113.09,57.74,21.11
27/12/2016,297.91,44.43,109.66,55.92,21.28
26/12/2016,295.74,44.79,109.44,55.77,21.26
23/12/2016,295.31,44.54,110.76,56.54,21.38
22/12/2016,296.98,44.66,108.99,55.54,21.67
21/12/2016,300.58,45.04,109.99,55.18,21.41
20/12/2016,301.28,44.90,109.56,55.24,21.68
19/12/2016,301.44,45.48,110.79,54.85,22.00
16/12/2016,298.75,45.75,110.91,56.63,22.60
15/12/2016,299.02,46.51,113.04,59.72,22.52
14/12/2016,303.21,46.83,112.98,61.02,22.34
13/12/2016,305.76,47.74,111.72,60.77,22.82
9/12/2016,307.30,47.36,109.29,63.20,22.33
8/12/2016,299.34,47.51,108.85,62.51,22.22
7/12/2016,300.71,47.21,108.12,61.08,22.88
6/12/2016,293.76,47.62,110.84,60.91,22.68
5/12/2016,294.90,46.21,106.78,61.28,22.64
2/12/2016,290.35,45.37,106.56,58.95,21.93
1/12/2016,300.59,46.83,106.86,57.50,21.62
30/11/2016,297.18,47.35,110.09,56.30,21.99
29/11/2016,302.71,47.34,113.72,57.43,22.54
28/11/2016,309.85,47.96,114.81,58.14,22.75
25/11/2016,307.41,48.57,114.91,58.34,23.01
24/11/2016,308.97,48.17,113.60,57.92,22.84
23/11/2016,310.40,48.68,115.07,56.10,22.89
22/11/2016,311.03,48.05,113.72,55.52,23.46
18/11/2016,307.07,46.55,108.42,53.00,23.60
17/11/2016,303.84,48.66,112.52,54.25,23.65
16/11/2016,301.04,49.66,117.15,53.91,24.47
15/11/2016,301.19,49.91,118.09,54.89,24.36
14/11/2016,297.19,51.35,117.34,57.33,24.02
11/11/2016,281.45,49.93,113.48,55.69,23.79
10/11/2016,293.53,50.00,114.62,52.21,23.46
9/11/2016,304.38,52.01,123.51,50.85,23.99
8/11/2016,303.73,52.01,129.43,48.80,24.94
7/11/2016,305.41,51.73,125.74,48.51,25.12
4/11/2016,288.49,49.67,121.15,47.27,24.68
3/11/2016,291.70,48.75,121.38,45.00,23.71
1/11/2016,298.56,50.13,121.40,45.69,23.55
31/10/2016,300.63,50.91,123.84,46.57,22.61
28/10/2016,302.91,51.42,122.43,46.36,21.56
27/10/2016,302.72,51.51,123.29,47.99,21.04
26/10/2016,300.93,50.90,122.53,47.41,20.49
25/10/2016,301.41,51.24,121.77,48.03,20.66
24/10/2016,302.31,52.01,123.53,47.83,20.44
21/10/2016,301.31,51.66,120.17,47.80,20.63
20/10/2016,301.73,51.91,119.77,47.87,20.36
19/10/2016,298.34,53.30,119.89,48.00,20.90
18/10/2016,299.22,52.00,118.11,47.80,20.63
17/10/2016,291.81,51.14,119.65,47.56,20.29
14/10/2016,292.29,51.80,118.14,47.52,19.95
13/10/2016,286.96,51.20,119.05,47.89,20.53
12/10/2016,292.51,51.39,118.17,47.39,20.88
11/10/2016,292.43,52.18,119.53,47.71,20.82
10/10/2016,293.92,52.21,116.79,47.46,21.05
7/10/2016,291.84,51.67,114.92,47.24,20.76
6/10/2016,293.49,52.49,112.32,47.73,20.69
5/10/2016,294.50,53.29,115.97,47.97,20.76
4/10/2016,292.82,53.41,112.89,47.74,20.91
3/10/2016,281.75,53.03,114.76,47.11,20.24
30/9/2016,284.27,51.11,111.03,47.38,20.28
29/9/2016,281.81,52.90,110.68,46.93,20.19
28/9/2016,286.36,53.28,112.88,47.95,20.81
27/9/2016,282.94,54.48,112.25,47.05,20.46
26/9/2016,280.60,52.75,112.45,46.41,20.20
23/9/2016,282.31,53.55,110.77,46.36,20.19
22/9/2016,286.13,53.02,113.07,46.73,20.40
21/9/2016,281.22,52.34,111.84,44.97,20.46
20/9/2016,278.70,52.61,108.48,43.97,20.07
19/9/2016,276.29,52.21,108.08,43.80,20.46
15/9/2016,277.01,51.22,108.37,42.92,20.60
14/9/2016,277.05,50.49,109.43,43.76,19.91
13/9/2016,278.57,52.50,108.54,43.76,20.33
12/9/2016,277.00,53.99,110.17,44.54,20.41
9/9/2016,282.39,53.52,112.72,44.88,20.33
8/9/2016,289.57,53.71,113.95,46.78,20.97
7/9/2016,288.84,53.53,113.10,46.98,21.09
6/9/2016,291.55,54.09,110.65,47.14,21.24
5/9/2016,292.50,54.13,111.65,46.33,21.01
2/9/2016,292.62,54.88,112.07,46.60,21.02
1/9/2016,292.50,53.11,112.49,45.94,20.84
31/8/2016,286.75,53.49,107.19,47.06,21.10
30/8/2016,290.33,53.03,108.65,46.96,21.26
29/8/2016,287.45,53.01,107.58,46.43,21.12
26/8/2016,285.91,53.35,105.31,46.34,21.22
25/8/2016,291.19,55.02,109.00,46.93,21.57
24/8/2016,291.94,55.19,108.81,46.54,21.51
23/8/2016,289.51,54.76,108.57,47.11,21.27
22/8/2016,295.95,55.76,107.35,48.47,21.40
19/8/2016,295.44,55.16,106.13,48.28,20.34
18/8/2016,298.03,55.64,106.74,47.98,20.95
17/8/2016,293.97,55.16,105.47,49.00,21.05
16/8/2016,288.04,54.97,109.74,50.24,21.13
15/8/2016,292.47,55.42,114.56,49.63,21.24
12/8/2016,289.89,55.18,107.60,49.04,21.08
11/8/2016,289.18,55.12,108.27,48.02,20.98
10/8/2016,287.81,55.94,108.79,47.47,21.18
9/8/2016,287.34,55.54,108.38,47.01,20.91
8/8/2016,284.36,55.84,107.72,47.63,20.66
5/8/2016,289.66,55.56,108.98,47.37,20.43
4/8/2016,283.70,55.48,107.80,47.27,20.90
3/8/2016,286.69,55.20,108.01,47.43,21.42
2/8/2016,282.31,54.86,107.43,46.27,21.63
1/8/2016,287.16,55.64,107.00,45.77,21.27
29/7/2016,288.15,55.89,107.42,45.25,21.50
28/7/2016,282.12,56.40,107.93,45.90,21.05
27/7/2016,281.76,56.26,105.83,45.01,21.69
26/7/2016,285.53,56.46,109.31,44.02,21.34
25/7/2016,286.31,57.59,106.74,42.55,21.78
22/7/2016,296.65,58.82,106.40,43.96,21.66
21/7/2016,295.91,58.82,105.88,44.00,21.29
20/7/2016,295.12,58.79,107.76,43.88,21.12
19/7/2016,286.79,58.98,105.06,44.13,20.60
18/7/2016,287.49,58.80,105.21,44.31,19.81
15/7/2016,286.07,58.77,104.86,44.21,19.63
14/7/2016,285.56,59.63,104.75,43.52,19.63
13/7/2016,284.40,57.14,104.16,43.08,19.79
12/7/2016,286.00,57.22,104.01,42.99,20.59
11/7/2016,285.24,57.00,103.84,42.22,21.36
8/7/2016,283.39,56.79,103.18,41.33,21.37
7/7/2016,282.60,56.09,101.93,40.50,21.00
6/7/2016,283.27,56.95,102.94,40.10,19.69
5/7/2016,290.57,58.34,103.82,41.00,19.10
4/7/2016,289.60,59.86,105.02,42.39,19.03
1/7/2016,285.79,58.02,104.55,42.60,19.13
30/6/2016,290.45,57.22,105.34,43.09,18.74
29/6/2016,287.64,57.48,102.19,41.46,18.07
28/6/2016,285.06,56.10,99.09,40.08,18.05
27/6/2016,285.53,55.55,96.84,40.31,17.49
24/6/2016,287.30,55.56,98.08,40.55,17.74
23/6/2016,292.12,57.84,101.52,42.71,18.31
22/6/2016,291.91,56.38,100.19,42.65,18.20
21/6/2016,294.05,55.03,98.47,42.48,18.54
20/6/2016,290.95,54.84,98.00,42.42,18.59
17/6/2016,285.78,55.58,97.97,41.89,18.52
16/6/2016,283.51,54.78,97.97,41.69,18.20
15/6/2016,288.21,53.53,98.44,40.88,17.84
14/6/2016,286.42,52.50,98.33,39.96,17.73
13/6/2016,285.35,53.34,98.42,40.06,17.57
10/6/2016,286.87,53.68,99.50,39.75,18.64
9/6/2016,289.91,54.25,100.86,40.77,18.85
8/6/2016,288.51,54.53,101.33,41.73,18.62
7/6/2016,287.85,55.24,101.93,41.39,18.56
6/6/2016,289.89,54.27,102.91,41.51,18.65
3/6/2016,290.87,54.46,100.98,41.10,18.88
2/6/2016,289.06,53.69,101.57,40.62,19.04
1/6/2016,289.01,53.68,99.23,40.65,18.70
31/5/2016,291.04,54.41,100.92,40.89,18.77
30/5/2016,289.99,55.50,101.95,41.43,19.35
27/5/2016,289.95,55.40,101.93,41.73,19.29
26/5/2016,284.68,55.29,101.53,41.44,18.99
25/5/2016,281.40,56.33,100.53,41.27,18.93
24/5/2016,282.81,56.06,102.47,40.73,18.14
23/5/2016,282.02,55.27,102.24,40.42,17.60
20/5/2016,284.96,55.18,104.11,40.88,18.03
19/5/2016,284.32,56.95,103.91,40.63,18.25
18/5/2016,286.30,56.85,103.02,41.30,18.61
17/5/2016,287.54,57.02,103.73,41.46,18.49
16/5/2016,290.26,54.61,103.93,41.03,17.63
13/5/2016,282.53,54.35,103.00,41.00,18.05
12/5/2016,284.10,54.20,102.71,41.37,17.43
11/5/2016,279.91,55.10,101.39,41.01,17.47
10/5/2016,279.78,54.97,102.48,40.87,17.55
9/5/2016,273.14,54.34,100.98,40.55,17.80
6/5/2016,270.37,53.45,100.69,40.72,17.84
5/5/2016,271.45,52.95,102.98,40.70,18.56
4/5/2016,270.51,53.99,101.71,41.21,18.85
3/5/2016,274.07,52.81,100.93,41.82,18.77
2/5/2016,271.59,53.26,100.59,42.86,19.49
29/4/2016,264.21,52.45,103.10,43.76,18.90
28/4/2016,265.19,52.12,103.89,43.83,17.31
27/4/2016,262.85,51.57,103.96,41.85,15.40
26/4/2016,256.91,50.32,102.03,41.21,15.22
25/4/2016,256.35,49.95,101.19,41.22,14.59
22/4/2016,251.94,50.02,101.14,41.49,14.00
21/4/2016,250.47,50.62,101.68,41.69,13.79
20/4/2016,256.27,50.50,101.81,42.24,13.67
19/4/2016,257.75,50.18,102.62,43.05,13.69
18/4/2016,255.05,47.80,99.71,43.07,13.74
15/4/2016,262.98,49.15,101.12,42.21,13.60
14/4/2016,258.34,49.28,103.57,42.38,13.50
13/4/2016,258.86,49.15,101.58,42.01,13.15
12/4/2016,257.30,49.50,99.76,40.97,13.15
11/4/2016,257.73,49.01,99.72,39.94,12.80
8/4/2016,261.56,49.11,98.91,38.61,12.86
7/4/2016,261.60,49.31,97.24,38.95,13.10
6/4/2016,255.02,49.42,98.61,40.10,13.42
5/4/2016,253.53,49.44,96.77,40.00,13.29
4/4/2016,254.61,49.93,97.66,40.79,13.58
1/4/2016,256.58,50.58,98.13,41.08,13.56
31/3/2016,260.24,51.07,100.73,41.65,13.36
30/3/2016,254.86,51.48,100.90,42.51,13.56
29/3/2016,260.95,51.47,99.85,42.52,13.54
28/3/2016,259.30,51.52,98.52,43.00,13.40
23/3/2016,258.21,51.40,99.51,43.15,13.41
22/3/2016,260.81,51.51,98.67,43.08,12.98
18/3/2016,258.20,51.07,96.68,42.52,12.46
17/3/2016,254.67,51.82,96.63,43.06,12.05
16/3/2016,251.05,50.54,95.32,42.02,11.93
15/3/2016,250.78,50.54,96.31,41.32,12.03
14/3/2016,251.59,50.97,95.90,42.20,11.94
11/3/2016,251.65,50.34,95.18,42.76,12.12
10/3/2016,246.83,50.85,94.47,41.27,11.72
9/3/2016,249.41,51.51,94.89,40.37,11.71
8/3/2016,252.59,52.31,93.00,39.63,11.89
7/3/2016,249.37,51.71,91.26,40.27,11.86
4/3/2016,250.93,52.33,90.69,39.54,11.90
3/3/2016,255.50,52.72,91.85,39.51,11.92
2/3/2016,258.70,53.91,93.97,38.87,11.86
1/3/2016,255.07,53.47,92.32,38.21,11.88
29/2/2016,253.82,51.50,91.29,38.15,11.87
26/2/2016,255.58,51.73,91.17,38.05,11.47
25/2/2016,253.80,51.05,91.79,37.84,10.48
24/2/2016,251.62,51.21,91.58,37.35,10.81
23/2/2016,254.22,52.11,91.30,36.89,11.16
22/2/2016,252.76,53.71,92.09,37.51,11.55
19/2/2016,250.21,52.83,93.84,37.12,11.78
18/2/2016,254.11,52.00,92.00,36.98,11.81
17/2/2016,256.90,51.27,92.06,36.98,12.14
16/2/2016,253.94,50.99,86.10,35.93,11.91
15/2/2016,249.06,51.44,84.89,35.34,12.24
12/2/2016,250.07,50.41,84.77,34.87,12.07
11/2/2016,250.46,50.67,84.64,33.53,12.10
10/2/2016,249.05,51.87,84.98,33.57,12.59
9/2/2016,244.86,51.40,83.99,34.03,12.54
8/2/2016,243.45,50.59,84.06,34.00,12.38
5/2/2016,244.95,50.10,83.78,34.76,12.19
4/2/2016,245.34,51.52,85.22,35.60,12.33
3/2/2016,240.86,51.41,86.25,34.09,12.22
2/2/2016,244.51,51.81,86.06,33.53,12.48
29/1/2016,247.95,50.66,85.19,35.17,12.20
28/1/2016,239.56,48.97,82.45,34.47,12.17
27/1/2016,237.25,48.01,82.51,34.44,12.32
26/1/2016,240.71,47.97,81.74,35.42,12.69
25/1/2016,237.98,47.10,82.98,34.18,12.82
22/1/2016,233.38,47.38,82.80,34.78,13.13
21/1/2016,231.15,45.00,83.65,34.53,13.80
20/1/2016,226.93,46.65,84.23,34.90,12.83
19/1/2016,227.44,46.73,85.29,33.98,12.87
18/1/2016,225.67,46.54,84.64,34.09,12.91
15/1/2016,223.32,47.18,83.53,34.51,13.13
14/1/2016,225.29,47.44,84.47,35.24,13.39
13/1/2016,226.71,47.46,84.96,35.24,13.35
12/1/2016,231.81,47.29,85.47,35.09,13.45
11/1/2016,227.83,47.32,85.37,34.16,13.26
8/1/2016,229.76,46.56,85.42,34.16,13.05
7/1/2016,230.71,46.18,85.63,35.01,13.25
6/1/2016,231.97,45.97,87.01,35.57,13.65
5/1/2016,233.03,45.77,88.06,36.45,13.77
4/1/2016,238.29,45.02,89.12,35.71,14.41
31/12/2015,243.89,45.95,88.34,36.79,13.85
30/12/2015,244.51,45.55,89.05,37.05,13.64
29/12/2015,247.74,46.56,88.78,37.45,13.04
28/12/2015,247.61,46.40,87.76,37.38,13.05
24/12/2015,249.54,46.41,88.68,37.93,13.13
23/12/2015,249.73,46.77,88.31,38.31,12.84
22/12/2015,249.43,46.18,88.10,36.80,12.84
21/12/2015,246.37,46.27,88.41,36.94,12.60
18/12/2015,244.54,46.31,88.77,36.91,12.97
17/12/2015,245.56,47.77,88.62,37.27,12.79
16/12/2015,247.94,46.69,87.78,36.99,12.42
15/12/2015,248.33,46.05,87.68,36.54,11.80
14/12/2015,242.76,45.60,84.92,35.80,11.96
11/12/2015,242.07,45.34,84.96,35.69,12.21
10/12/2015,247.86,45.07,83.65,35.13,12.44
9/12/2015,249.43,45.21,84.36,35.21,12.89
8/12/2015,248.31,45.74,84.70,35.06,13.50
7/12/2015,246.43,46.35,86.69,35.54,13.77
4/12/2015,247.88,46.36,86.14,35.54,13.39
3/12/2015,242.79,46.59,86.12,35.53,13.19
2/12/2015,248.38,47.25,86.09,35.66,12.99
1/12/2015,252.31,47.59,85.55,36.36,13.06
30/11/2015,251.01,45.88,87.89,36.29,12.91
27/11/2015,258.11,46.95,88.25,37.10,12.96
26/11/2015,256.82,47.10,90.32,37.07,12.88
25/11/2015,254.49,46.89,89.25,36.79,13.13
24/11/2015,260.47,47.46,87.64,36.93,12.09
23/11/2015,264.32,48.51,88.56,36.85,11.81
20/11/2015,264.72,49.04,89.99,37.79,11.52
19/11/2015,266.80,48.48,90.05,37.52,11.29
18/11/2015,260.22,47.18,88.27,37.93,11.03
17/11/2015,263.51,46.87,89.09,37.20,10.98
13/11/2015,258.92,46.90,89.74,38.08,10.91
12/11/2015,257.83,47.15,89.22,38.24,10.99
11/11/2015,261.10,48.14,89.02,39.05,10.78
10/11/2015,260.57,46.82,90.10,39.33,10.91
9/11/2015,259.49,46.91,89.25,39.49,11.12
6/11/2015,268.61,47.19,89.96,39.79,11.15
5/11/2015,264.83,47.09,87.27,39.92,11.45
4/11/2015,264.62,48.75,90.76,40.37,11.94
3/11/2015,263.42,48.49,90.68,40.36,12.05
30/10/2015,255.82,46.87,89.11,40.24,12.13
29/10/2015,256.35,46.61,85.85,39.82,12.32
28/10/2015,260.76,46.68,85.23,40.42,12.71
27/10/2015,262.76,46.92,87.70,41.73,12.33
26/10/2015,266.36,47.70,93.33,42.18,12.40
23/10/2015,262.38,47.34,94.16,41.78,12.54
22/10/2015,272.99,47.55,94.09,41.48,12.51
21/10/2015,267.39,45.86,92.82,41.80,12.53
20/10/2015,271.48,45.22,91.69,42.59,12.76
19/10/2015,264.23,45.05,91.79,43.06,12.98
16/10/2015,264.04,44.88,91.55,42.95,12.84
15/10/2015,262.64,44.05,93.34,43.52,12.77
14/10/2015,263.96,44.10,94.31,44.28,12.58
13/10/2015,263.43,44.34,93.30,44.53,12.71
12/10/2015,263.70,44.79,94.14,45.39,13.21
9/10/2015,260.98,44.25,94.41,45.28,13.18
8/10/2015,259.34,43.60,94.05,43.86,12.88
7/10/2015,262.17,43.98,93.97,43.45,13.19
6/10/2015,259.93,43.87,94.22,42.62,13.31
5/10/2015,262.79,43.47,94.06,41.56,12.79
2/10/2015,260.55,42.54,92.52,40.90,12.60
1/10/2015,258.23,42.95,91.56,40.75,13.38
30/9/2015,258.28,42.81,90.44,40.92,14.07
29/9/2015,252.54,41.34,91.98,40.71,16.13
28/9/2015,258.34,41.39,92.01,39.85,17.07
25/9/2015,258.33,41.50,93.87,40.68,16.76
24/9/2015,259.69,41.86,92.33,40.61,16.38
23/9/2015,261.64,42.59,94.35,40.65,16.08
22/9/2015,259.90,43.09,92.95,40.84,15.60
21/9/2015,259.77,42.58,92.78,41.41,15.47
18/9/2015,262.32,42.53,91.61,41.58,15.15
17/9/2015,260.66,42.29,93.04,42.28,14.45
15/9/2015,256.30,42.05,92.27,42.18,14.30
14/9/2015,250.34,41.79,93.48,42.02,14.11
11/9/2015,250.17,41.83,92.21,42.31,14.21
10/9/2015,250.44,42.10,92.08,42.57,13.96
9/9/2015,244.87,41.76,89.99,41.80,13.74
8/9/2015,248.05,42.30,89.21,42.21,14.32
7/9/2015,250.55,42.13,89.24,40.90,14.07
4/9/2015,246.45,42.30,89.32,40.47,14.02
3/9/2015,244.99,42.35,91.39,41.51,14.18
2/9/2015,245.16,42.61,91.04,41.06,14.33
1/9/2015,244.94,42.33,90.31,40.98,13.55
31/8/2015,243.80,43.08,87.86,42.45,13.57
28/8/2015,243.86,41.40,89.05,41.85,13.81
27/8/2015,245.34,42.33,90.93,41.19,13.85
26/8/2015,244.58,40.10,91.52,39.57,13.21
25/8/2015,241.93,39.69,87.14,39.38,13.26
24/8/2015,237.46,39.12,86.32,39.03,12.61
21/8/2015,240.14,40.36,89.06,40.22,13.30
20/8/2015,245.21,41.14,90.51,41.17,13.79
19/8/2015,243.83,40.98,90.83,41.31,13.86
18/8/2015,248.64,41.79,91.15,41.44,14.49
17/8/2015,251.24,42.10,91.07,41.65,14.76
14/8/2015,254.71,41.80,91.21,41.40,14.68
13/8/2015,252.54,42.02,91.93,41.79,14.78
12/8/2015,250.87,42.65,91.90,42.50,15.10
11/8/2015,250.75,43.00,92.56,42.36,15.30
10/8/2015,251.62,43.75,92.07,43.88,15.41
7/8/2015,252.34,43.54,92.02,42.75,15.29
6/8/2015,250.48,43.12,91.94,42.84,15.53
5/8/2015,254.38,43.87,93.03,42.88,15.67
4/8/2015,249.07,43.87,92.57,42.34,15.14
3/8/2015,248.59,43.64,92.84,42.83,15.21
31/7/2015,241.13,43.23,92.37,44.06,14.95
30/7/2015,238.51,42.49,92.62,43.44,14.70
29/7/2015,238.44,41.90,94.29,43.76,14.47
28/7/2015,240.86,42.35,90.25,42.91,14.97
27/7/2015,236.43,42.12,92.39,41.52,14.94
24/7/2015,239.21,41.91,92.98,42.46,15.27
23/7/2015,242.79,43.08,92.88,42.74,16.39
22/7/2015,236.56,42.50,94.01,42.79,16.03
21/7/2015,239.59,43.63,94.66,44.66,16.65
20/7/2015,239.84,42.50,96.40,44.93,16.47
17/7/2015,238.96,42.50,94.09,45.27,15.80
16/7/2015,239.70,42.00,94.08,44.82,16.08
15/7/2015,237.02,41.82,94.16,44.05,16.31
14/7/2015,234.72,42.05,92.51,44.24,16.49
13/7/2015,234.23,42.10,91.94,44.59,16.24
10/7/2015,231.38,42.58,93.16,44.23,16.30
9/7/2015,230.30,41.77,95.18,44.28,16.06
8/7/2015,227.37,41.08,90.84,44.75,15.69
7/7/2015,226.77,41.38,90.34,45.52,16.37
6/7/2015,224.36,41.51,90.00,45.17,16.28
3/7/2015,224.93,41.39,91.27,46.48,16.59
2/7/2015,224.79,41.14,91.16,46.65,16.35
1/7/2015,222.01,40.83,91.56,46.63,15.97
30/6/2015,223.21,40.66,91.00,47.38,15.65
29/6/2015,218.99,40.61,90.98,46.61,15.95
26/6/2015,224.55,41.39,92.21,48.07,16.61
25/6/2015,224.05,41.38,91.24,47.62,16.55
24/6/2015,220.65,41.22,89.62,48.25,17.05
23/6/2015,220.68,41.04,86.86,47.34,17.24
22/6/2015,219.60,40.38,87.33,47.03,16.61
19/6/2015,215.15,40.81,87.90,46.98,15.32
18/6/2015,217.21,40.95,88.90,48.09,15.45
17/6/2015,217.60,40.69,87.86,47.60,15.26
16/6/2015,219.01,40.63,88.33,48.27,15.16
15/6/2015,215.41,40.60,88.14,47.69,15.53
12/6/2015,221.13,41.02,88.32,47.64,15.86
11/6/2015,217.26,41.24,89.75,47.28,15.78
10/6/2015,217.20,41.31,87.94,47.33,16.33
9/6/2015,217.72,41.25,85.87,47.34,16.52
8/6/2015,219.94,40.94,85.36,46.83,16.35
5/6/2015,220.31,40.31,84.77,46.58,16.59
4/6/2015,220.91,40.26,85.04,46.17,16.61
3/6/2015,225.04,40.44,84.98,47.00,16.76
2/6/2015,223.29,40.73,85.08,47.13,17.18
1/6/2015,222.56,41.08,85.46,46.55,17.31
29/5/2015,222.17,41.68,84.97,47.69,16.61
28/5/2015,225.83,40.98,84.91,47.80,17.50
27/5/2015,228.98,40.88,85.77,47.89,17.13
26/5/2015,224.99,40.90,84.92,47.60,16.84
25/5/2015,225.52,41.62,84.77,48.30,17.33
22/5/2015,227.74,41.76,85.44,48.39,17.21
21/5/2015,228.17,41.92,85.77,48.59,17.27
20/5/2015,227.31,42.25,86.04,48.79,17.22
19/5/2015,228.46,42.44,86.85,48.70,17.55
18/5/2015,230.21,42.50,86.61,49.31,17.22
15/5/2015,229.96,42.38,85.77,49.70,16.79
14/5/2015,227.32,42.91,86.14,49.96,16.61
13/5/2015,223.90,42.69,86.05,49.77,16.60
12/5/2015,224.99,41.87,86.41,49.30,16.99
11/5/2015,228.77,41.63,86.30,48.76,16.86
8/5/2015,226.81,41.90,87.71,48.77,17.01
7/5/2015,227.49,41.68,85.35,48.58,16.90
6/5/2015,229.55,42.09,85.38,48.61,17.46
5/5/2015,227.50,42.26,85.94,48.06,17.91
4/5/2015,222.06,41.69,86.31,47.85,18.01
30/4/2015,217.15,41.20,87.98,47.36,18.10
29/4/2015,222.77,42.14,86.85,46.92,17.14
28/4/2015,225.33,42.18,86.08,47.59,17.38
27/4/2015,233.72,42.10,84.08,47.02,17.47
24/4/2015,232.14,42.36,83.88,46.73,16.79
23/4/2015,230.55,43.19,83.44,45.98,16.51
22/4/2015,222.66,42.13,82.80,45.70,16.88
21/4/2015,219.04,42.67,82.77,45.55,17.60
20/4/2015,216.07,42.18,82.26,45.79,17.76
17/4/2015,214.52,42.69,82.70,45.80,17.55
16/4/2015,214.50,43.53,83.05,46.17,17.87
15/4/2015,216.82,42.74,83.42,46.47,17.52
14/4/2015,213.09,42.53,82.01,46.18,18.01
13/4/2015,216.42,42.78,80.74,45.20,18.41
10/4/2015,219.67,43.00,82.09,44.69,18.05
9/4/2015,217.77,42.99,81.94,45.06,18.90
8/4/2015,218.19,43.43,82.48,45.36,17.60
7/4/2015,213.46,44.04,79.41,45.45,16.64
6/4/2015,208.90,44.33,78.98,45.13,15.97
1/4/2015,213.29,43.22,78.31,44.64,15.56
31/3/2015,205.52,43.26,77.71,45.05,14.45
30/3/2015,208.18,43.13,77.86,45.13,14.27
27/3/2015,210.44,42.62,78.97,44.45,14.00
26/3/2015,206.60,42.49,79.23,45.29,13.71
25/3/2015,205.76,43.78,78.55,45.92,13.70
24/3/2015,205.79,44.49,79.06,46.07,13.89
23/3/2015,204.99,43.91,78.08,46.08,14.21
20/3/2015,207.84,44.21,79.45,45.93,13.93
19/3/2015,203.49,42.81,77.26,45.79,13.83
18/3/2015,204.45,43.07,78.57,45.34,14.29
17/3/2015,201.70,42.08,78.34,44.73,14.88
13/3/2015,200.84,42.50,78.29,45.10,14.70
12/3/2015,204.74,42.47,78.21,45.11,14.81
11/3/2015,196.99,41.82,77.65,43.76,13.83
10/3/2015,196.89,40.87,77.23,43.17,12.45
9/3/2015,197.29,41.64,78.12,43.97,13.04
6/3/2015,200.06,40.81,79.70,43.90,13.31
5/3/2015,199.71,41.13,79.76,44.68,13.15
4/3/2015,202.49,41.81,77.66,44.85,11.76
3/3/2015,203.81,41.92,78.02,44.69,12.07
2/3/2015,204.73,41.79,79.67,45.26,13.06
27/2/2015,205.03,42.22,79.40,45.22,16.32
26/2/2015,203.02,42.74,77.47,46.02,22.15
25/2/2015,202.51,42.35,78.03,45.27,22.13
24/2/2015,202.55,42.85,77.10,46.36,21.60
23/2/2015,201.92,42.94,78.50,47.09,21.39
20/2/2015,199.29,41.81,79.01,46.83,21.89
19/2/2015,198.48,42.00,79.02,46.06,21.61
18/2/2015,196.24,42.14,77.85,45.73,21.96
17/2/2015,199.13,40.92,77.17,45.44,21.77
16/2/2015,196.34,40.46,77.55,44.90,21.94
13/2/2015,197.16,40.62,77.20,45.23,22.03
12/2/2015,198.44,40.55,77.39,44.93,21.89
11/2/2015,193.16,39.69,75.21,44.11,21.63
10/2/2015,197.08,38.92,77.03,44.48,22.27
9/2/2015,197.87,38.81,77.05,45.19,23.05
6/2/2015,199.76,39.33,78.40,45.15,23.90
5/2/2015,194.37,38.77,79.49,44.60,24.00
4/2/2015,193.95,39.03,78.24,43.61,24.02
3/2/2015,192.51,39.77,75.93,41.01,24.37
30/1/2015,195.98,38.14,77.55,39.59,23.74
29/1/2015,199.94,39.43,79.35,40.21,24.67
28/1/2015,200.54,39.23,79.52,40.56,25.15
27/1/2015,203.59,39.95,79.54,41.07,25.32
26/1/2015,203.31,40.30,78.90,41.44,25.61
23/1/2015,196.61,40.41,78.35,40.38,25.01
22/1/2015,201.25,40.87,79.75,41.82,24.80
21/1/2015,201.64,40.10,77.27,41.30,23.82
20/1/2015,199.62,39.80,76.15,39.70,22.78
19/1/2015,193.93,39.18,73.41,39.42,21.67
16/1/2015,193.18,39.16,73.95,40.04,21.51
15/1/2015,186.63,37.81,72.33,38.98,21.06
14/1/2015,189.43,38.84,72.84,38.50,22.44
13/1/2015,195.03,39.87,73.96,40.40,23.48
12/1/2015,189.92,39.73,74.99,41.23,24.27
9/1/2015,189.92,40.22,74.77,42.33,24.82
8/1/2015,193.48,41.02,74.04,42.16,25.11
7/1/2015,190.55,40.39,74.29,41.59,25.07
6/1/2015,187.99,39.42,72.22,40.69,25.16
5/1/2015,188.86,39.71,69.91,40.53,24.42
2/1/2015,191.42,39.77,71.82,42.18,26.19
31/12/2014,195.04,40.70,74.23,42.82,28.06
30/12/2014,194.00,40.60,74.31,42.49,27.83
29/12/2014,196.03,40.57,75.11,43.11,28.22
26/12/2014,197.18,40.80,74.55,41.90,27.98
24/12/2014,198.81,40.72,75.16,42.65,28.24
23/12/2014,199.43,40.90,75.27,42.67,28.40
22/12/2014,192.84,40.71,75.78,42.66,26.85
19/12/2014,187.68,39.76,74.51,43.02,26.04
18/12/2014,190.74,39.39,73.00,43.36,25.38
17/12/2014,182.28,37.05,70.70,42.11,24.07
16/12/2014,179.06,36.66,68.04,41.92,24.43
15/12/2014,178.52,36.46,68.10,42.15,25.40
11/12/2014,185.07,36.26,71.20,43.85,24.88
10/12/2014,182.39,35.60,71.00,43.67,25.56
9/12/2014,181.07,36.60,73.60,43.80,26.87
8/12/2014,182.15,37.64,72.95,43.98,27.16
5/12/2014,182.25,37.72,73.60,44.47,27.25
4/12/2014,178.01,37.81,70.15,43.55,27.16
3/12/2014,180.28,38.20,70.72,43.68,27.06
2/12/2014,176.70,38.19,71.21,44.00,27.98
1/12/2014,182.02,38.65,70.41,44.55,28.50
28/11/2014,185.42,39.11,72.05,45.56,30.18
27/11/2014,185.86,39.24,72.72,46.38,29.70
26/11/2014,186.85,39.15,72.60,46.50,30.06
25/11/2014,186.51,39.28,72.92,45.83,30.67
24/11/2014,183.69,38.35,73.77,46.52,31.28
21/11/2014,181.08,39.42,74.01,46.28,31.11
20/11/2014,184.03,39.03,73.91,45.25,31.32
19/11/2014,181.02,39.19,73.90,45.78,30.79
18/11/2014,174.28,37.29,74.44,45.39,29.99
14/11/2014,177.99,38.01,74.84,45.90,29.28
13/11/2014,179.13,37.94,74.54,45.01,29.83
12/11/2014,180.30,38.36,74.73,45.65,30.27
11/11/2014,181.61,38.81,74.71,46.23,31.21
10/11/2014,181.76,38.86,75.93,46.01,32.19
7/11/2014,184.10,38.88,75.59,46.48,32.43
6/11/2014,183.89,39.48,75.58,46.53,32.67
5/11/2014,184.02,39.81,76.57,46.44,33.01
4/11/2014,181.52,38.76,76.98,46.25,33.23
3/11/2014,181.22,39.60,77.53,46.46,33.84
31/10/2014,180.02,39.39,77.88,46.27,33.99
30/10/2014,177.85,39.89,77.78,45.84,33.38
29/10/2014,175.76,40.18,77.52,45.75,33.34
28/10/2014,175.22,39.94,78.00,45.62,33.10
27/10/2014,174.80,39.95,76.88,45.09,33.41
24/10/2014,174.41,40.28,77.00,44.68,32.49
23/10/2014,174.92,40.12,77.51,44.86,33.42
22/10/2014,172.86,39.24,77.72,45.18,33.57
21/10/2014,170.81,38.94,77.17,44.74,33.67
20/10/2014,170.67,38.56,77.17,44.42,32.98
17/10/2014,166.42,39.45,78.45,44.12,33.00
16/10/2014,166.49,39.17,75.11,44.41,33.30
15/10/2014,163.12,39.12,75.45,44.29,33.21
14/10/2014,164.64,38.60,76.08,44.04,33.66
13/10/2014,166.25,38.67,76.08,43.85,33.26
10/10/2014,166.89,38.79,74.97,43.65,33.30
9/10/2014,170.93,39.33,74.77,44.25,33.22
8/10/2014,174.52,39.21,75.44,44.76,33.21
7/10/2014,175.12,38.75,74.15,44.37,33.16
6/10/2014,178.21,38.95,75.32,44.81,33.41
3/10/2014,175.66,39.24,75.57,44.44,32.47
2/10/2014,167.57,39.02,76.52,43.78,32.27
1/10/2014,170.64,38.52,75.49,44.37,32.21
30/9/2014,173.55,38.94,74.74,44.97,32.27
29/9/2014,172.28,39.09,74.10,44.15,32.39
26/9/2014,169.65,39.08,75.23,44.31,31.56
25/9/2014,168.90,39.76,75.17,43.87,31.88
24/9/2014,169.30,39.63,74.55,44.85,32.54
23/9/2014,167.71,38.65,75.02,44.39,32.72
22/9/2014,169.76,38.84,73.19,44.46,33.13
19/9/2014,174.02,39.45,75.14,46.56,33.77
18/9/2014,172.21,39.72,74.94,46.39,34.00
17/9/2014,172.20,39.94,74.58,46.85,34.47
15/9/2014,172.47,39.71,76.21,46.65,34.35
12/9/2014,172.91,40.12,75.57,46.96,34.95
11/9/2014,173.35,40.31,75.18,46.42,35.46
10/9/2014,174.36,40.37,75.27,46.59,35.52
9/9/2014,174.33,40.58,75.89,46.59,35.80
8/9/2014,176.00,40.94,75.79,47.19,36.17
5/9/2014,176.58,40.06,77.49,47.12,35.91
4/9/2014,178.38,40.01,78.02,47.05,35.92
3/9/2014,172.37,39.99,77.49,46.96,36.19
2/9/2014,171.54,40.29,75.64,46.96,35.88
1/9/2014,171.47,40.46,75.16,47.17,35.61
29/8/2014,167.61,41.16,73.82,47.50,34.88
28/8/2014,169.79,42.84,75.18,47.01,35.32
27/8/2014,169.22,42.95,75.21,47.47,35.14
26/8/2014,168.55,42.51,75.98,47.25,35.68
25/8/2014,169.08,42.92,77.13,46.63,36.37
22/8/2014,170.58,42.91,76.98,46.22,36.13
21/8/2014,169.43,42.94,77.36,45.67,35.78
20/8/2014,169.02,43.17,75.84,47.12,35.62
19/8/2014,168.71,43.05,76.01,46.83,35.30
18/8/2014,169.22,42.74,75.89,47.46,35.23
15/8/2014,168.11,42.36,76.73,47.22,34.70
14/8/2014,168.58,42.93,76.88,47.28,34.85
13/8/2014,167.79,42.89,76.19,47.55,35.53
12/8/2014,167.87,42.25,75.99,47.83,35.36
11/8/2014,169.21,42.32,75.05,48.15,35.30
8/8/2014,165.35,41.70,74.78,47.49,35.08
7/8/2014,165.96,41.17,74.93,48.23,35.08
6/8/2014,164.86,41.52,74.62,48.26,35.61
5/8/2014,164.17,41.97,74.73,49.24,35.60
4/8/2014,164.55,41.66,74.23,47.74,35.44
1/8/2014,163.46,40.62,74.56,47.36,35.14
31/7/2014,164.44,40.61,74.97,46.97,35.34
30/7/2014,167.71,41.07,77.03,48.02,35.52
29/7/2014,165.20,42.21,77.47,47.74,35.98
28/7/2014,164.19,42.96,78.56,47.58,36.05
25/7/2014,165.27,42.23,79.90,47.26,35.84
24/7/2014,165.33,41.56,78.80,46.71,35.90
23/7/2014,164.13,41.00,77.43,47.22,35.87
22/7/2014,163.96,41.16,77.72,46.37,36.00
21/7/2014,165.87,41.56,76.55,45.91,36.64
18/7/2014,166.33,41.45,76.64,45.13,36.12
17/7/2014,162.86,40.97,77.37,44.75,36.40
16/7/2014,163.20,41.05,78.02,45.43,36.00
15/7/2014,163.55,40.93,78.04,44.96,36.57
14/7/2014,164.44,40.97,78.08,45.54,36.33
11/7/2014,163.02,40.52,77.99,44.80,36.13
10/7/2014,161.37,39.86,78.03,45.52,36.02
9/7/2014,162.78,39.42,78.13,45.72,36.33
8/7/2014,165.74,39.85,77.90,45.76,37.02
7/7/2014,165.84,39.87,77.47,44.89,36.38
4/7/2014,167.36,39.48,78.01,44.94,36.03
3/7/2014,166.67,39.34,78.03,44.83,36.00
2/7/2014,165.02,39.01,76.60,44.09,36.34
1/7/2014,164.07,38.29,76.94,43.45,36.40
30/6/2014,164.95,38.07,76.76,43.23,35.19
27/6/2014,166.37,38.08,77.33,42.01,35.26
26/6/2014,170.90,38.08,76.82,42.62,35.29
25/6/2014,171.08,38.72,77.94,43.10,35.48
24/6/2014,170.59,39.50,78.70,43.11,35.86
23/6/2014,171.73,39.88,76.94,43.39,35.54
20/6/2014,171.00,39.70,74.61,43.10,35.79
19/6/2014,169.43,39.33,74.64,43.10,35.62
18/6/2014,170.23,39.36,73.93,43.24,35.56
17/6/2014,171.37,39.25,73.93,42.48,35.62
16/6/2014,169.78,39.32,73.98,42.11,35.56
13/6/2014,169.53,38.51,75.45,41.55,34.47
12/6/2014,169.93,38.92,74.98,42.00,34.96
11/6/2014,169.84,39.09,75.09,42.38,34.44
10/6/2014,170.12,38.59,75.79,42.81,34.06
9/6/2014,169.78,37.77,76.36,43.32,33.71
6/6/2014,169.79,37.47,75.70,43.36,34.49
5/6/2014,166.62,37.24,74.80,42.54,34.21
4/6/2014,166.47,37.41,74.92,42.68,33.91
3/6/2014,166.52,37.88,75.23,43.14,32.47
2/6/2014,167.06,37.68,75.16,43.03,32.99
30/5/2014,165.71,37.20,74.92,42.34,32.81
29/5/2014,166.02,37.69,74.89,43.66,33.23
28/5/2014,165.82,37.73,74.95,43.27,32.88
27/5/2014,167.69,37.83,74.96,43.80,33.55
26/5/2014,167.92,37.69,74.67,43.98,33.97
23/5/2014,168.01,37.27,74.80,43.99,33.83
22/5/2014,168.32,37.33,74.99,42.57,33.78
21/5/2014,165.98,37.60,74.96,42.01,33.74
20/5/2014,165.01,37.04,74.69,41.78,33.60
19/5/2014,164.19,36.88,75.01,42.65,33.42
16/5/2014,164.27,36.44,74.99,42.35,33.21
15/5/2014,163.26,36.06,74.98,42.10,33.19
14/5/2014,164.58,36.74,76.48,42.41,33.91
13/5/2014,164.80,36.33,77.08,41.51,34.09
12/5/2014,164.49,36.09,76.98,41.76,34.76
9/5/2014,163.51,35.25,76.09,40.76,34.42
8/5/2014,161.82,35.65,76.08,40.51,33.66
7/5/2014,165.48,35.96,77.18,40.80,34.23
6/5/2014,164.05,36.14,74.69,40.19,33.59
5/5/2014,162.42,35.54,75.11,39.88,33.33
2/5/2014,162.41,35.18,75.10,39.32,32.95
30/4/2014,160.08,36.14,75.61,39.29,33.16
29/4/2014,162.09,37.89,75.09,39.83,32.12
28/4/2014,162.13,37.08,73.81,39.01,32.13
25/4/2014,162.91,37.19,73.55,38.79,31.62
24/4/2014,164.02,38.10,73.99,39.12,31.62
23/4/2014,164.69,37.32,73.88,39.21,30.70
22/4/2014,162.97,36.37,75.06,39.98,31.08
21/4/2014,164.12,35.72,74.61,40.30,31.55
16/4/2014,165.24,35.97,75.79,41.16,31.64
15/4/2014,164.75,35.51,74.50,40.25,31.53
14/4/2014,163.07,35.95,75.08,40.11,32.47
11/4/2014,161.05,35.98,73.13,41.38,32.10
10/4/2014,160.62,35.47,73.17,41.42,32.79
9/4/2014,160.35,36.34,75.55,41.96,32.52
8/4/2014,161.79,36.23,75.92,41.59,32.38
7/4/2014,156.16,35.83,75.11,41.19,31.98
4/4/2014,159.06,35.34,75.65,40.84,32.13
3/4/2014,162.25,35.42,73.95,41.53,32.39
2/4/2014,164.53,35.46,75.76,41.76,32.93
1/4/2014,164.36,35.37,74.98,40.80,33.16
31/3/2014,160.13,35.24,75.66,41.23,33.57
28/3/2014,160.00,35.33,77.00,40.45,33.18
27/3/2014,159.76,34.61,75.04,39.43,32.56
26/3/2014,158.99,34.75,74.68,38.63,32.15
25/3/2014,158.27,34.99,74.56,39.01,32.60
24/3/2014,157.04,35.09,75.25,38.44,32.15
21/3/2014,156.89,35.71,74.61,39.09,32.12
20/3/2014,154.28,34.86,71.67,39.03,32.59
19/3/2014,148.64,34.19,71.24,37.86,32.23
18/3/2014,149.01,33.46,71.18,38.17,32.17
14/3/2014,147.77,32.53,71.60,37.44,31.17
13/3/2014,147.23,32.82,71.89,36.89,30.59
12/3/2014,150.46,34.33,71.00,38.28,30.84
11/3/2014,152.64,34.36,70.46,38.06,32.26
10/3/2014,150.45,34.71,70.49,39.01,32.34
7/3/2014,154.31,34.80,70.47,40.30,33.36
6/3/2014,151.68,35.86,71.08,41.71,33.93
5/3/2014,146.50,35.68,69.42,41.82,32.75
4/3/2014,146.73,35.93,69.01,41.23,31.84
3/3/2014,147.23,34.46,68.37,40.60,30.46
28/2/2014,147.80,34.75,69.15,40.73,31.32
27/2/2014,146.85,34.31,70.26,41.48,31.53
26/2/2014,144.81,34.21,70.66,41.40,32.56
25/2/2014,144.40,34.70,71.74,42.08,33.86
24/2/2014,144.45,35.70,72.61,42.58,33.12
21/2/2014,142.55,35.01,73.49,41.82,33.41
20/2/2014,142.48,33.73,73.31,41.57,33.42
19/2/2014,144.12,34.34,74.24,42.47,33.32
18/2/2014,145.40,34.99,73.01,43.06,34.15
17/2/2014,147.07,35.77,74.50,44.09,34.70
14/2/2014,146.05,35.75,75.65,44.00,34.99
13/2/2014,146.51,35.04,73.50,43.88,35.20
12/2/2014,145.80,35.50,74.35,43.45,34.48
11/2/2014,146.81,35.17,75.46,42.73,34.80
10/2/2014,146.09,34.28,73.94,42.60,33.77
7/2/2014,146.52,35.40,73.03,43.67,33.92
6/2/2014,146.28,35.30,74.54,43.43,33.53
5/2/2014,145.02,34.62,72.86,42.77,32.69
4/2/2014,148.99,34.53,74.04,42.52,32.07
31/1/2014,150.85,35.53,73.19,43.29,33.09
30/1/2014,149.79,35.45,74.64,42.70,33.33
29/1/2014,149.38,34.12,75.46,41.97,32.77
28/1/2014,148.89,34.31,75.23,42.08,33.26
27/1/2014,150.12,35.28,73.57,42.44,34.05
24/1/2014,153.77,34.57,71.51,41.65,34.17
23/1/2014,155.26,34.77,73.48,42.38,34.49
22/1/2014,153.18,34.79,76.18,42.93,34.82
21/1/2014,152.28,35.21,77.64,42.13,34.90
20/1/2014,154.07,36.26,78.98,43.19,34.35
17/1/2014,153.21,36.16,77.88,43.33,34.51
16/1/2014,153.58,36.96,78.90,42.64,34.54
15/1/2014,157.00,36.93,80.48,42.87,34.03
14/1/2014,156.36,36.85,79.65,43.61,34.85
13/1/2014,152.07,36.66,79.97,42.93,34.50
10/1/2014,153.19,36.68,79.91,43.28,34.30
9/1/2014,151.93,36.26,78.63,42.04,33.35
8/1/2014,155.96,37.05,79.41,41.67,33.99
7/1/2014,153.51,38.19,79.99,41.35,34.48
6/1/2014,147.74,38.63,79.66,41.12,34.09
3/1/2014,153.96,38.59,77.30,42.34,35.22
2/1/2014,159.87,38.96,77.38,43.07,36.65
30/12/2013,163.53,40.42,78.47,43.60,36.76
27/12/2013,163.51,39.61,77.30,43.18,35.42
26/12/2013,163.21,39.21,78.41,42.83,35.11
23/12/2013,163.57,38.69,79.55,42.59,34.92
20/12/2013,169.63,38.55,77.93,43.34,35.65
19/12/2013,167.79,38.67,75.15,42.38,35.44
18/12/2013,167.94,38.50,75.71,41.95,35.53
17/12/2013,167.55,38.00,75.20,41.05,37.12
16/12/2013,167.88,38.12,76.01,40.50,38.14
13/12/2013,166.94,38.56,75.08,40.25,37.66
11/12/2013,169.86,39.67,76.18,40.42,38.05
10/12/2013,171.31,40.48,77.61,41.44,38.33
9/12/2013,168.48,41.06,77.36,40.93,38.18
6/12/2013,170.93,40.94,76.34,39.71,38.50
5/12/2013,168.56,40.56,75.11,39.70,39.50
4/12/2013,169.27,40.61,74.46,38.87,37.72
3/12/2013,167.54,40.24,74.11,38.05,38.12
2/12/2013,168.50,41.06,73.52,38.73,38.12
29/11/2013,173.96,40.80,73.05,38.85,38.41
28/11/2013,170.02,40.83,71.55,38.20,38.07
27/11/2013,171.04,40.40,71.68,37.94,38.25
26/11/2013,166.63,41.40,69.74,37.70,37.04
25/11/2013,166.04,40.68,70.35,38.47,36.53
22/11/2013,162.81,40.75,70.46,38.99,37.12
21/11/2013,161.39,40.76,70.54,39.14,35.68
20/11/2013,159.47,40.57,70.73,38.84,34.83
19/11/2013,163.40,41.71,70.99,39.04,34.65
15/11/2013,166.88,42.51,70.55,39.20,34.78
14/11/2013,164.54,42.43,70.46,40.06,34.74
13/11/2013,160.78,41.94,70.09,38.13,34.27
12/11/2013,156.56,40.93,70.57,38.39,34.78
11/11/2013,156.70,40.60,70.88,39.26,34.87
8/11/2013,155.76,41.53,71.04,39.94,35.20
7/11/2013,158.60,42.57,70.75,40.91,34.43
6/11/2013,160.85,43.17,70.68,40.88,34.70
5/11/2013,158.74,42.52,71.11,40.19,34.34
4/11/2013,159.99,43.32,71.38,41.54,34.76
1/11/2013,159.09,43.42,72.47,41.70,34.69
31/10/2013,155.95,43.83,72.29,41.21,34.77
30/10/2013,156.07,43.57,71.58,41.79,34.77
29/10/2013,156.88,44.14,73.33,42.18,35.97
28/10/2013,158.40,44.00,73.79,42.26,35.70
25/10/2013,157.74,43.14,71.29,41.55,33.67
24/10/2013,157.12,42.86,69.87,41.48,31.77
23/10/2013,157.87,41.47,71.09,41.70,32.64
22/10/2013,158.26,41.92,73.08,41.93,33.31
21/10/2013,154.27,40.91,70.22,40.69,32.69
18/10/2013,151.30,41.00,70.88,41.12,32.89
17/10/2013,151.42,40.61,70.57,40.77,33.35
16/10/2013,150.40,41.53,70.97,40.65,33.78
15/10/2013,148.90,41.48,70.96,40.71,32.01
14/10/2013,151.81,42.67,73.58,41.40,32.13
11/10/2013,152.78,42.38,70.98,41.93,32.18
10/10/2013,152.86,40.59,71.21,41.44,32.89
9/10/2013,147.77,39.76,71.96,40.46,32.73
8/10/2013,150.34,40.59,73.24,39.56,32.70
7/10/2013,151.18,41.03,73.99,39.73,32.42
4/10/2013,149.08,41.79,74.00,39.95,31.86
3/10/2013,148.68,42.07,74.06,40.07,31.45
2/10/2013,150.73,42.22,75.36,40.77,31.98
1/10/2013,149.25,41.76,75.18,40.35,31.79
30/9/2013,143.04,40.69,74.28,39.12,29.88
27/9/2013,146.65,41.06,76.36,40.52,29.06
26/9/2013,148.23,41.14,77.37,41.51,28.62
25/9/2013,148.99,42.05,75.39,42.67,28.00
24/9/2013,148.34,40.57,75.58,42.38,28.09
23/9/2013,150.03,41.53,76.58,42.91,28.10
20/9/2013,149.88,40.65,76.64,42.20,28.39
19/9/2013,152.61,42.33,76.97,43.26,28.75
18/9/2013,152.07,42.71,77.15,42.83,28.54
17/9/2013,145.46,41.90,75.78,41.15,28.27
13/9/2013,148.04,41.89,75.96,39.99,28.44
12/9/2013,150.11,41.77,75.42,39.73,27.94
11/9/2013,152.87,42.99,77.71,41.00,28.40
10/9/2013,156.71,42.92,79.64,40.52,28.86
9/9/2013,155.38,41.56,80.00,39.71,28.98
6/9/2013,149.93,38.59,77.22,38.55,28.39
5/9/2013,150.83,39.11,78.03,38.89,28.86
4/9/2013,152.89,39.89,78.08,39.56,28.88
3/9/2013,149.88,38.50,77.96,39.15,28.24
2/9/2013,150.93,39.02,78.45,39.84,28.16
30/8/2013,149.95,38.85,79.42,38.20,28.64
29/8/2013,147.46,37.10,80.11,38.87,28.80
28/8/2013,144.41,37.11,80.01,39.42,27.38
27/8/2013,146.61,37.35,78.80,39.89,28.27
26/8/2013,148.87,38.63,79.87,40.94,29.66
23/8/2013,148.39,40.01,79.78,42.03,30.00
22/8/2013,149.10,40.02,79.81,41.71,30.11
21/8/2013,150.96,39.75,79.84,42.77,30.36
20/8/2013,151.35,40.94,79.97,43.54,30.77
19/8/2013,153.85,41.03,80.55,41.94,30.83
16/8/2013,152.25,42.71,79.67,43.98,30.57
15/8/2013,156.66,43.45,79.76,44.79,30.11
14/8/2013,157.50,44.29,83.88,46.50,30.27
13/8/2013,158.00,44.31,85.24,45.96,30.11
12/8/2013,156.82,44.61,81.04,43.87,29.39
9/8/2013,159.39,45.80,81.07,42.32,29.40
8/8/2013,157.73,45.49,80.02,41.55,29.40
7/8/2013,154.16,45.13,80.20,40.10,29.31
6/8/2013,155.47,44.74,80.11,40.15,29.66
5/8/2013,156.66,45.43,80.81,40.72,29.88
2/8/2013,156.65,45.62,81.51,41.26,29.68
1/8/2013,154.63,45.43,81.69,41.09,29.97
31/7/2013,151.48,43.20,77.40,39.35,29.95
30/7/2013,149.26,42.99,75.94,38.40,29.87
29/7/2013,149.02,42.86,77.60,38.73,29.56
26/7/2013,150.80,43.74,75.52,39.20,29.39
25/7/2013,149.56,42.75,76.46,40.07,30.05
24/7/2013,148.71,42.55,74.24,40.21,28.75
23/7/2013,145.18,41.31,73.34,40.86,28.88
22/7/2013,142.81,39.98,74.04,40.34,28.73
19/7/2013,148.02,40.78,73.62,39.61,29.05
18/7/2013,144.46,41.43,72.88,40.84,29.34
17/7/2013,145.24,41.63,72.76,40.22,28.82
16/7/2013,143.97,39.83,72.70,39.11,28.06
15/7/2013,144.67,41.50,73.15,39.11,28.12
12/7/2013,147.11,40.49,72.05,38.52,27.87
11/7/2013,147.05,39.50,71.11,38.67,27.01
10/7/2013,148.87,38.63,72.00,37.17,26.48
9/7/2013,150.51,39.90,72.21,37.24,25.47
8/7/2013,149.47,39.89,72.20,37.71,26.05
5/7/2013,149.90,39.44,71.21,38.49,26.27
4/7/2013,151.35,41.05,70.99,39.54,26.17
3/7/2013,151.01,40.35,70.99,39.28,26.04
2/7/2013,148.98,39.27,70.00,38.12,26.16
1/7/2013,146.69,40.34,70.00,38.20,25.73
28/6/2013,144.23,39.25,68.93,37.48,25.47
27/6/2013,140.99,37.46,66.36,36.59,25.94
26/6/2013,138.11,35.82,67.36,35.59,26.11
25/6/2013,136.56,34.68,68.87,35.03,25.59
24/6/2013,134.98,34.64,67.68,35.28,25.94
21/6/2013,137.68,35.57,69.68,35.52,25.57
20/6/2013,133.76,34.12,66.80,35.05,24.23
19/6/2013,138.20,35.02,68.58,37.18,26.03
18/6/2013,140.92,35.90,67.04,37.64,26.56
17/6/2013,142.08,36.51,66.75,37.81,26.57
14/6/2013,143.01,36.48,68.85,37.06,27.09
13/6/2013,137.52,37.32,70.25,36.90,26.98
12/6/2013,140.23,37.22,70.22,36.97,26.40
11/6/2013,146.50,37.51,70.33,38.03,27.16
10/6/2013,145.78,38.22,72.51,39.75,27.29
7/6/2013,146.87,36.88,71.92,39.96,27.06
6/6/2013,148.81,37.13,72.40,41.14,26.93
5/6/2013,145.67,37.03,72.88,41.30,26.48
4/6/2013,148.33,37.69,74.48,41.96,26.25
3/6/2013,148.70,37.60,75.43,41.79,26.27
31/5/2013,152.29,37.83,76.35,42.31,27.16
30/5/2013,149.64,37.48,76.02,41.69,27.02
29/5/2013,147.74,36.91,74.94,41.69,27.15
28/5/2013,147.31,37.62,75.79,40.73,26.91
27/5/2013,145.93,36.01,73.92,39.20,26.31
24/5/2013,145.06,36.24,74.70,39.44,25.99
23/5/2013,144.79,36.99,72.21,39.26,26.89
22/5/2013,142.41,36.69,70.31,39.73,27.03
21/5/2013,142.49,37.21,71.68,39.52,27.37
20/5/2013,143.74,36.28,72.84,39.97,28.19
17/5/2013,145.01,37.55,73.90,41.26,28.40
16/5/2013,143.93,37.58,74.12,41.44,27.87
15/5/2013,144.44,38.04,71.93,41.95,27.01
14/5/2013,144.00,38.40,72.30,42.40,27.09
13/5/2013,142.22,37.49,70.42,42.17,27.09
10/5/2013,142.04,38.16,70.80,42.32,26.79
9/5/2013,141.12,38.86,70.35,42.46,26.76
8/5/2013,148.10,38.85,69.87,43.88,26.94
7/5/2013,144.26,39.44,69.83,43.70,27.16
6/5/2013,143.05,38.30,69.71,42.90,27.35
3/5/2013,143.62,39.19,67.61,43.70,27.47
2/5/2013,146.76,39.35,67.50,42.74,27.13
30/4/2013,150.69,39.51,66.99,43.46,26.26
29/4/2013,146.81,41.00,68.69,43.04,25.24
26/4/2013,145.11,40.16,69.42,42.52,25.76
25/4/2013,145.18,41.63,69.49,43.19,27.68
24/4/2013,149.25,40.71,70.49,41.73,28.72
23/4/2013,152.70,41.43,75.08,41.93,28.91
22/4/2013,153.92,41.89,73.50,42.00,29.00
19/4/2013,165.95,40.59,76.68,41.94,28.79
18/4/2013,163.14,40.10,72.25,41.51,29.34
17/4/2013,165.36,40.31,73.53,43.33,29.02
16/4/2013,171.75,39.67,72.46,45.65,28.74
15/4/2013,169.05,38.55,71.29,45.70,28.54
12/4/2013,165.09,38.92,69.77,49.12,30.02
11/4/2013,166.40,40.48,69.75,50.42,30.44
10/4/2013,165.95,40.53,69.96,50.36,29.77
9/4/2013,167.50,40.18,68.07,49.80,30.03
