"id_jugador","id_equipo","numero","juegos_jugados","juegos_iniciados","anyo_adquirido"
1,"DEN",21,11,8,2005
2,"PHI",78,6,1,2008
3,"ATL",55,16,16,2000
4,"CHI",95,11,8,2001
5,"CIN",46,13,0,2000
6,"DAL",76,16,16,1996
8,"CLE",59,3,0,2006
9,"ARI",27,7,0,1999
10,"CLE",20,15,0,2004
11,"DEN",95,11,11,1994
12,"IND",29,15,15,2004
13,"STL",94,15,7,2005
14,"BUF",89,12,0,2001
15,"PHI",2,16,0,1995
16,"MIA",79,9,0,2003
17,"DET",91,6,0,2005
18,"WAS",67,16,0,2002
20,"DET",42,16,16,2004
21,"WAS",79,13,1,2006
22,"DEN",69,11,0,2003
23,"SEA",37,13,11,2003
24,"STL",33,1,0,2006
25,"NYG",93,16,0,2006
26,"CLE",41,13,0,2006
27,"OAK",94,12,0,2003
30,"MIA",32,16,9,1998
33,"MIA",25,16,16,2001
35,"MIN",84,11,0,2001
36,"TEN",56,3,0,1998
37,"TEN",54,16,5,2006
38,"TEN",58,7,0,2001
39,"ATL",5,14,0,2002
40,"ATL",80,2,0,2006
41,"HOU",50,16,5,1999
42,"HOU",89,7,0,2000
43,"DAL",34,8,4,2006
44,"CLE",3,16,15,2006
45,"ATL",98,16,16,2002
46,"CAR",50,10,1,2006
47,"CHI",97,14,14,1998
48,"BAL",38,8,0,2001
49,"ATL",93,5,0,2002
50,"CIN",71,7,5,2002
51,"PHI",73,15,15,1999
52,"CIN",79,16,14,2005
54,"JAX",85,5,0,1999
55,"IND",53,6,0,2002
56,"CHI",20,15,10,2001
57,"IND",80,6,1,2002
58,"ARI",28,16,0,2001
59,"SEA",68,13,0,1998
61,"OAK",21,15,15,2002
62,"SEA",98,12,0,2006
63,"STL",21,16,16,2002
64,"DAL",19,16,0,2005
65,"PHI",81,15,5,2006
66,"NYG",95,2,0,2005
67,"CHI",94,16,0,2004
68,"DAL",51,16,14,2005
69,"DAL",92,7,0,2004
71,"SEA",52,2,0,2002
72,"ATL",95,14,9,2004
73,"SEA",27,16,0,2002
74,"DET",76,16,16,2000
75,"ARI",67,1,0,2002
76,"DET",97,15,12,2002
77,"DEN",24,15,14,2006
78,"ARI",91,16,0,2006
80,"NYJ",86,15,15,2001
81,"CAR",7,16,0,2000
84,"DAL",20,2,0,1999
85,"BAL",94,15,1,2002
87,"DAL",24,16,0,2001
89,"HOU",51,6,0,2002
93,"BAL",50,14,0,1998
94,"NYJ",37,5,4,2004
95,"JAX",69,16,14,2003
97,"ARI",5,11,0,2001
98,"NYJ",36,16,9,1998
99,"STL",70,16,16,2003
100,"STL",24,16,12,2006
101,"NYJ",50,16,15,2000
102,"DET",44,9,1,1999
103,"PHI",84,16,0,2002
104,"STL",41,8,0,1999
105,"PIT",16,7,1,2001
106,"ATL",70,4,4,2006
109,"CAR",52,16,16,2006
110,"MIA",9,5,4,2000
111,"DEN",57,11,0,2000
112,"DET",41,6,0,2006
114,"CHI",67,1,0,2001
115,"ARI",52,16,2,2005
116,"TEN",60,16,16,2005
118,"DEN",30,5,0,1999
119,"DET",28,5,5,2006
120,"MIA",37,1,1,2001
122,"NYJ",72,2,0,2004
123,"STL",83,14,2,2003
124,"HOU",32,13,8,2005
126,"CHI",32,11,11,1999
127,"SEA",57,14,2,1999
128,"DAL",67,1,0,2002
129,"ARI",17,5,0,1998
130,"STL",3,1,1,2001
131,"SEA",99,14,14,2006
132,"CHI",80,16,16,2006
133,"ARI",92,9,9,1998
134,"IND",41,13,13,2001
135,"WAS",46,16,0,2005
137,"ARI",83,16,3,2002
141,"DEN",77,0,0,2004
142,"MIN",78,16,16,1999
143,"TEN",2,16,0,2002
145,"HOU",71,8,0,2006
147,"NYG",57,16,0,1998
149,"ARI",51,16,0,2005
150,"WAS",54,16,0,2004
151,"ATL",85,12,3,2004
152,"ATL",63,14,14,2001
153,"DET",24,4,0,2000
154,"DEN",32,16,16,2003
155,"CLE",50,1,0,2001
156,"CLE",28,16,16,2001
139,"SD",97,16,2,1998
140,"SD",50,16,0,2002
31,"SF",71,16,16,2006
70,"SF",64,15,8,2004
79,"SF",47,14,2,2004
86,"SF",95,16,10,1998
107,"SF",83,16,15,2005
7,"TB",90,16,8,2004
34,"TB",26,15,0,1998
60,"TB",35,13,9,2006
88,"TB",20,16,16,2001
113,"TB",88,16,2,2006
136,"TB",9,16,0,2002
90,"GB",78,7,0,2000
96,"GB",56,16,16,2005
138,"GB",20,16,16,2004
144,"GB",55,10,0,2003
148,"GB",27,9,1,2006
157,"GB",19,6,0,1998
19,"NE",52,12,0,1998
53,"NE",23,15,0,2006
82,"NE",32,8,0,2006
28,"NO",65,0,0,2000
91,"NO",24,1,0,2006
121,"NO",20,3,0,2006
158,"DET",47,0,0,2002
159,"IND",50,16,7,2006
160,"ARI",81,12,11,2002
161,"ATL",59,16,16,2006
163,"BAL",7,13,8,2006
164,"MIN",9,5,1,2001
165,"MIA",20,8,1,2006
166,"MIA",86,15,15,1998
168,"NYG",77,1,0,1998
169,"WAS",73,1,0,1999
170,"NYG",89,13,2,2006
171,"HOU",28,16,0,2001
172,"STL",4,1,0,1998
174,"DAL",72,16,0,2005
175,"NYJ",96,16,1,2003
176,"OAK",35,2,0,1999
177,"HOU",7,1,0,2005
180,"IND",58,16,16,1999
181,"DET",40,15,6,1999
182,"CHI",16,15,0,2002
183,"PHI",55,16,1,2005
184,"NYG",44,12,0,2005
187,"MIA",7,0,0,2002
188,"ARI",78,11,0,2006
189,"SEA",83,11,11,2001
191,"OAK",91,16,0,2001
192,"ARI",15,16,0,1998
194,"CAR",73,13,11,2003
195,"CHI",55,14,14,1998
196,"HOU",65,4,4,2000
198,"IND",79,11,11,1998
199,"ATL",56,16,16,1998
200,"CIN",55,2,2,1999
202,"JAX",15,8,0,2004
203,"CHI",96,16,2,1998
204,"HOU",24,16,16,2002
205,"DAL",27,8,0,2001
207,"TEN",29,12,1,2004
208,"ARI",61,9,5,2005
209,"STL",34,12,12,1999
211,"BAL",60,16,16,2006
212,"SEA",3,16,0,2004
213,"NYJ",97,1,0,1999
214,"HOU",3,16,0,2002
215,"ARI",75,13,11,1999
216,"CHI",30,1,1,2003
217,"STL",72,16,15,1999
218,"ARI",20,16,0,2005
219,"PHI",86,16,14,1998
220,"OAK",57,16,1,2003
221,"MIA",23,7,7,2006
222,"CHI",74,8,8,2003
223,"PHI",24,16,16,2001
225,"TEN",97,16,16,2006
227,"STL",80,14,12,1999
228,"HOU",87,14,1,2002
229,"WAS",8,0,0,2006
231,"BUF",96,2,0,2003
232,"MIA",47,12,0,2002
233,"MIA",62,2,0,2005
234,"DET",25,16,16,1999
236,"PHI",28,14,2,2000
239,"STL",10,12,12,2005
240,"HOU",93,2,0,2002
241,"IND",33,15,0,2001
243,"TEN",53,16,16,2000
244,"PHI",97,15,15,2000
245,"OAK",56,14,14,2002
246,"BAL",54,8,0,1998
247,"SEA",81,16,12,2005
248,"DAL",57,16,2,1998
249,"NYG",17,16,16,2002
250,"DEN",93,6,0,2003
254,"CIN",36,12,0,1998
255,"BUF",60,16,16,1998
256,"NYG",37,13,12,2002
257,"BUF",38,7,1,2006
258,"HOU",78,8,0,2001
259,"WAS",90,0,0,2003
260,"STL",86,9,0,2002
261,"TEN",40,9,0,2001
262,"WAS",86,9,1,2004
263,"DET",29,4,0,2000
264,"MIA",83,15,0,2004
265,"DET",89,2,1,2002
266,"WAS",17,13,13,1998
267,"WAS",50,16,0,1998
268,"DET",52,11,0,2004
269,"DAL",99,16,16,2006
270,"MIA",72,16,16,2005
271,"DEN",38,12,0,2006
272,"OAK",66,16,16,2003
273,"JAX",1,8,0,2004
274,"DAL",54,16,0,1999
275,"OAK",23,16,2,1998
276,"CAR",8,7,4,2005
277,"STL",90,16,16,2003
278,"DEN",90,0,0,2003
279,"WAS",99,16,16,2005
280,"CAR",18,16,6,2001
281,"CAR",11,0,0,2003
282,"STL",42,5,1,1998
284,"CLE",86,16,0,2002
285,"PIT",23,16,5,2002
286,"WAS",31,15,0,1999
287,"DET",36,12,0,2001
289,"ARI",46,0,0,1999
291,"PHI",87,16,4,2005
292,"ARI",35,15,5,2005
294,"BUF",48,2,0,1999
295,"MIN",50,13,0,2004
296,"ATL",77,11,10,2006
298,"DEN",86,4,0,2003
299,"IND",44,15,15,2006
300,"HOU",55,13,8,1999
301,"CHI",88,16,15,2006
302,"PIT",25,6,6,2002
303,"NYJ",61,14,14,2004
305,"BAL",89,16,12,2003
307,"NYJ",11,11,8,2006
308,"NYJ",68,16,16,1999
310,"OAK",58,16,2,2005
312,"CIN",86,15,3,2003
313,"MIA",38,14,0,2006
314,"HOU",96,15,1,2003
290,"SD",93,10,9,2005
293,"SD",74,16,6,1999
224,"SF",25,9,0,2006
309,"SF",22,16,16,1998
201,"TB",55,16,16,2005
235,"TB",3,16,0,2006
237,"TB",31,16,13,1999
162,"GB",93,1,0,2002
251,"GB",24,14,1,1998
311,"GB",76,16,16,1999
185,"NE",88,14,9,1999
186,"NE",12,16,16,2003
197,"NE",65,4,1,2006
206,"NE",98,2,0,2005
226,"NE",80,1,0,2006
178,"NO",69,3,0,2000
190,"NO",35,4,0,2000
193,"NO",9,16,16,2003
210,"NO",70,15,15,1999
242,"NO",29,14,14,2004
252,"NO",25,12,9,2005
253,"NO",74,1,0,2006
315,"DET",75,15,0,2005
316,"IND",25,6,0,2001
317,"NYG",96,16,15,2002
318,"CAR",83,12,11,2002
319,"CLE",30,0,0,1999
321,"PHI",59,16,1,1998
322,"PHI",58,16,16,1998
323,"NYJ",30,11,0,2003
324,"NYJ",26,15,4,2006
325,"NYJ",93,16,15,2001
326,"ATL",75,5,5,2004
327,"NYJ",87,11,10,2001
328,"DAL",75,16,16,2000
329,"PIT",74,16,16,2006
334,"JAX",76,4,1,2003
335,"NYG",86,0,0,2006
336,"TEN",5,6,1,2003
338,"WAS",15,5,3,2001
339,"OAK",59,16,0,2005
340,"IND",42,8,0,2000
341,"TEN",77,4,0,1999
342,"PHI",37,8,8,2002
343,"HOU",43,16,0,2001
344,"MIN",62,16,16,2006
345,"WAS",47,16,16,2000
346,"ARI",93,11,0,2002
347,"CAR",35,16,15,2003
348,"OAK",40,6,0,2006
350,"JAX",58,1,0,1998
353,"JAX",58,2,0,2003
354,"BUF",54,3,0,2006
356,"NYJ",89,15,15,2002
357,"JAX",21,16,2,2005
358,"DEN",40,7,0,2002
361,"TEN",48,5,1,2005
362,"DAL",84,15,13,2000
363,"CLE",16,16,2,1998
364,"ATL",25,14,14,1998
368,"MIA",52,11,10,2003
369,"DEN",96,13,1,1998
370,"BUF",55,16,16,2006
372,"ATL",83,14,12,1998
373,"STL",53,14,1,2004
374,"OAK",8,7,6,2002
375,"CAR",96,7,0,1999
376,"OAK",89,16,13,2002
377,"PHI",80,16,16,2006
378,"DAL",89,16,0,2006
379,"DEN",6,16,16,2002
380,"MIA",84,6,5,2003
381,"BUF",73,16,1,2000
383,"IND",60,13,3,2004
384,"NYJ",58,9,0,2006
385,"CIN",83,13,1,2005
386,"MIA",28,14,6,2000
387,"STL",25,14,14,2001
388,"BAL",65,16,5,1999
389,"STL",54,15,15,1999
391,"NYG",30,9,2,2004
392,"ATL",73,1,0,2002
393,"HOU",81,16,16,1998
394,"BAL",30,1,0,1999
395,"WAS",93,15,15,2006
396,"NYG",52,4,0,2006
397,"MIA",29,16,5,2006
398,"ARI",58,14,14,2003
399,"SEA",91,6,6,2006
402,"MIA",40,3,2,2005
403,"BAL",81,16,1,2004
404,"PIT",44,15,1,2006
406,"CLE",54,16,10,2002
407,"HOU",11,14,8,2006
409,"DET",55,1,0,2005
410,"PIT",38,16,7,1998
412,"ATL",92,16,0,2001
413,"NYJ",19,2,0,1999
414,"TEN",17,12,0,2003
415,"DAL",29,14,1,2000
416,"DAL",70,16,16,2004
417,"CHI",81,16,1,2006
419,"NYG",99,11,1,2006
421,"PHI",31,0,0,2002
422,"CAR",58,16,16,2000
424,"PHI",20,10,10,2000
425,"CIN",34,2,0,2006
426,"IND",96,16,4,2000
427,"CLE",4,16,0,2002
428,"HOU",36,13,8,2005
429,"NYJ",85,16,0,2001
430,"PIT",88,3,0,1998
431,"CAR",17,3,3,2000
432,"CAR",41,6,0,2006
433,"HOU",47,15,8,2000
434,"WAS",75,6,0,2003
435,"CAR",29,7,1,2000
436,"MIA",92,16,0,2006
437,"BUF",92,7,2,2002
438,"NYG",51,16,0,2004
439,"NYJ",70,7,0,2003
440,"DET",95,14,10,2001
441,"NYG",66,16,16,2005
443,"IND",71,10,10,2002
444,"CAR",53,16,11,2005
445,"BUF",52,16,14,2003
446,"HOU",54,11,0,2006
448,"CLE",87,15,0,2006
450,"BUF",66,16,16,1998
451,"NYG",35,13,5,2000
452,"ARI",90,16,16,2003
453,"PHI",46,16,0,2002
454,"CIN",27,11,2,2005
455,"CLE",11,1,0,1998
456,"CLE",70,5,0,2000
457,"MIN",21,8,1,2006
458,"WAS",37,16,6,2003
460,"NYG",24,1,0,2000
461,"STL",52,16,7,2006
462,"HOU",85,13,0,2005
463,"JAX",32,15,0,2003
465,"NYG",22,16,2,2006
468,"DET",45,11,1,2006
469,"MIN",83,16,3,2006
470,"DEN",92,16,16,2005
351,"SD",54,16,16,2002
366,"SD",31,16,8,2006
382,"SD",87,1,0,2005
411,"SD",84,14,2,1998
423,"SF",85,14,14,1998
447,"SF",12,7,6,2004
459,"SF",94,16,16,1998
467,"SF",63,0,0,2000
359,"TB",27,4,0,2006
365,"TB",30,2,0,2004
390,"TB",54,9,0,2002
400,"TB",33,1,0,2001
408,"TB",69,9,0,2001
320,"GB",90,7,0,2002
333,"GB",73,16,13,2006
337,"GB",36,13,13,1999
355,"GB",62,13,7,2006
367,"GB",2,16,0,2006
418,"GB",60,16,0,2004
332,"NE",59,11,10,2000
331,"NO",12,16,14,2004
349,"NO",97,13,2,2004
352,"NO",18,15,1,2006
360,"NO",21,16,4,2006
405,"NO",42,13,12,2001
472,"ATL",28,16,15,2005
473,"JAX",56,13,8,2002
474,"CHI",98,1,1,1999
475,"OAK",17,6,1,1998
476,"NYJ",21,9,0,2001
477,"TEN",82,4,0,1998
478,"PIT",93,16,1,2003
481,"HOU",33,7,0,2006
482,"CLE",17,16,16,1998
484,"DET",33,5,0,1999
485,"BAL",93,16,13,1999
486,"DET",98,8,6,2003
487,"MIN",91,12,11,2000
489,"BUF",5,10,9,2005
490,"OAK",50,10,0,2002
491,"NYJ",27,13,8,2003
492,"DEN",1,16,0,2003
493,"DAL",98,13,10,2001
494,"NYJ",92,16,16,2005
496,"BUF",56,12,9,1999
497,"DEN",60,16,15,2006
498,"SEA",84,16,12,2002
499,"CLE",7,1,0,2000
500,"PIT",79,3,0,1998
501,"JAX",83,10,0,2006
502,"BUF",79,0,0,2006
503,"WAS",25,6,0,2002
504,"OAK",31,16,4,2006
505,"ARI",84,10,0,2003
506,"WAS",92,16,1,2003
507,"MIN",90,11,0,1998
510,"BUF",83,16,15,1998
512,"BUF",85,1,1,2006
513,"WAS",69,16,13,2003
514,"HOU",38,16,8,2002
516,"PIT",66,16,16,1999
517,"CIN",68,13,0,2002
518,"OAK",25,14,7,2006
519,"PIT",51,16,16,1999
520,"WAS",16,2,0,2006
521,"MIN",59,16,0,2000
522,"DAL",80,16,5,2006
524,"CAR",86,15,2,2004
526,"NYG",18,16,0,1998
527,"IND",76,8,0,2003
528,"PHI",14,4,2,2002
529,"MIA",3,16,0,2005
530,"NYJ",60,16,16,2004
531,"DAL",95,1,1,2001
532,"DEN",25,12,7,2001
533,"MIN",89,15,8,2004
534,"MIA",4,16,0,2006
536,"MIA",60,13,1,2001
537,"BAL",16,14,0,1999
539,"TEN",31,16,16,2006
540,"BAL",8,0,0,2002
541,"SEA",94,1,0,2002
542,"DET",21,16,13,1998
543,"ARI",11,15,15,2003
544,"CIN",11,1,0,2005
545,"DET",82,16,5,2002
546,"HOU",58,14,13,1998
547,"IND",81,15,3,2006
548,"HOU",21,10,2,1999
549,"WAS",59,16,15,2002
552,"BAL",62,15,15,2006
553,"DAL",6,16,0,2001
554,"PIT",50,16,16,2005
555,"ATL",65,14,14,2001
556,"CAR",26,16,16,2004
557,"DET",72,15,9,1999
558,"ATL",79,6,2,2000
559,"BUF",67,16,16,2003
560,"TEN",52,14,14,2002
561,"BUF",35,5,0,2006
563,"WAS",39,14,0,2004
564,"DEN",22,14,6,1999
565,"CLE",66,16,16,2002
566,"DET",39,5,0,2005
568,"ARI",47,10,3,2006
571,"CLE",75,16,1,2002
572,"CIN",57,2,0,1998
573,"DAL",68,1,0,2006
574,"IND",93,9,9,1999
575,"STL",12,8,3,2006
576,"CLE",62,16,0,2003
577,"WAS",4,16,0,2006
578,"STL",62,3,0,2006
579,"HOU",75,0,0,1999
580,"CLE",9,1,1,1998
581,"JAX",23,14,0,2003
583,"TEN",22,16,0,2001
584,"DET",87,16,10,2004
585,"BUF",63,1,0,2006
586,"HOU",35,4,0,2005
588,"TEN",12,16,8,2004
589,"BUF",86,15,13,2000
590,"BAL",71,7,2,2006
591,"PHI",96,16,16,2000
592,"OAK",76,16,16,1998
594,"CAR",20,15,12,2000
595,"IND",57,10,1,2005
596,"ARI",69,16,16,1999
597,"ATL",72,5,5,2006
598,"TEN",35,2,0,2003
599,"CHI",90,6,0,2002
601,"TEN",59,13,0,2003
602,"JAX",9,12,12,2002
603,"CHI",63,16,16,2003
604,"PHI",19,1,0,2003
605,"BAL",44,4,2,2006
608,"CHI",43,4,0,2003
610,"PIT",22,16,0,2006
612,"CIN",91,16,16,2001
615,"CIN",53,12,12,1998
616,"CAR",91,1,0,2005
618,"CHI",85,15,1,2001
619,"MIA",19,16,9,2000
620,"IND",43,12,4,2005
621,"JAX",31,5,4,2006
622,"DAL",83,1,0,2000
623,"STL",97,16,16,2005
624,"PHI",57,16,12,2006
625,"WAS",57,10,5,1998
627,"CAR",37,4,0,2006
628,"DEN",52,14,14,2003
550,"SD",29,16,10,2003
551,"SD",80,6,1,2006
495,"SF",78,0,0,1998
535,"SF",93,16,0,2000
569,"SF",92,14,13,2001
617,"SF",81,10,0,2003
480,"TB",48,16,0,2004
593,"TB",84,15,15,2005
600,"TB",7,13,13,2003
607,"TB",36,1,0,2003
525,"GB",4,16,16,1999
567,"GB",83,1,0,2006
570,"GB",88,8,1,2001
611,"GB",94,15,2,2001
479,"NE",38,12,0,2002
508,"NE",44,16,1,2004
523,"NE",33,16,8,1999
587,"NE",10,16,7,2004
509,"NO",73,16,16,2001
511,"NO",54,16,0,2003
515,"NO",52,14,14,2002
538,"NO",56,7,0,2002
582,"NO",55,15,15,2003
629,"STL",73,3,2,2000
631,"WAS",64,15,0,2004
632,"IND",11,13,9,1999
634,"MIA",21,13,4,2005
636,"BAL",76,1,0,2006
638,"MIN",41,16,3,1998
640,"STL",77,11,8,2006
642,"CHI",9,16,0,1998
644,"NYJ",7,15,0,2000
645,"CHI",21,13,0,2001
646,"DEN",89,15,15,2001
648,"PHI",35,15,0,2002
649,"CIN",17,16,0,1999
652,"SEA",24,16,16,2004
654,"SEA",62,16,16,2000
655,"JAX",5,9,4,2001
656,"HOU",30,6,5,1998
657,"OAK",74,10,10,1999
658,"ARI",25,11,11,2006
659,"SEA",94,5,0,2002
661,"BAL",33,15,0,2002
662,"DEN",53,16,0,2005
663,"SEA",42,15,1,1998
665,"CIN",18,7,0,2002
666,"MIA",10,5,5,2002
667,"MIN",52,16,16,1999
668,"HOU",56,16,15,1999
669,"BUF",33,16,13,2001
670,"BAL",97,16,16,2002
672,"BAL",59,14,2,2006
673,"CHI",14,7,6,2005
674,"MIN",23,16,16,2004
675,"WAS",96,16,16,1998
676,"CLE",53,12,0,2003
677,"TEN",33,16,10,2004
678,"OAK",36,16,12,1998
680,"CAR",98,4,0,2004
681,"ATL",43,2,0,2004
682,"CAR",69,16,16,1999
683,"CHI",8,8,7,1999
684,"OAK",64,5,2,2001
685,"BAL",66,16,12,2005
686,"DAL",65,14,14,2000
688,"IND",52,16,0,2002
689,"SEA",18,6,6,2000
690,"DEN",4,0,0,2004
691,"MIA",66,16,16,1999
692,"MIA",82,16,1,2002
693,"STL",15,4,0,2001
694,"BUF",53,16,0,2006
695,"PIT",53,16,16,2001
696,"IND",56,12,7,2005
697,"BAL",58,2,0,2006
699,"MIA",80,9,0,2002
700,"TEN",45,11,4,1999
701,"DEN",23,10,1,2001
702,"STL",82,7,1,2000
703,"ATL",21,16,15,2004
704,"STL",96,15,15,2006
706,"CIN",29,16,10,2003
707,"IND",83,3,0,1999
708,"BUF",10,0,0,2004
709,"CLE",96,1,1,2000
710,"DAL",26,16,15,2001
711,"PIT",98,15,15,2001
712,"CAR",63,16,3,2006
714,"DET",4,16,0,2006
715,"PHI",22,16,4,2002
718,"BUF",93,12,0,2003
719,"TEN",20,14,14,2004
722,"ATL",13,12,10,2005
724,"ATL",41,13,0,2000
725,"CAR",43,15,15,2006
726,"NYJ",52,16,9,2005
729,"TEN",64,5,0,2006
733,"DET",2,16,0,1999
735,"DEN",74,11,0,1999
736,"DEN",68,4,0,2004
737,"CHI",91,16,13,2003
738,"MIA",35,1,0,2004
740,"PIT",97,13,0,1998
741,"PIT",92,16,16,2004
742,"CLE",35,8,0,2000
743,"BUF",50,1,0,2002
744,"IND",88,5,5,2003
747,"TEN",88,16,9,2000
748,"CAR",75,15,15,2000
749,"CHI",83,1,0,2004
750,"SEA",8,16,16,2000
751,"ARI",4,1,0,2001
752,"DAL",97,16,0,2004
754,"JAX",57,14,0,1999
755,"IND",26,16,16,1999
757,"ARI",54,16,16,1998
758,"CAR",24,9,0,2005
759,"PIT",34,1,0,2006
760,"TEN",92,13,12,2005
762,"JAX",97,12,10,2006
763,"BAL",86,6,5,1999
764,"NYG",39,15,9,2000
765,"CLE",82,16,6,1998
768,"SEA",85,16,6,2005
770,"MIN",56,16,16,1999
771,"JAX",98,15,15,2001
772,"OAK",75,1,0,2004
773,"DAL",42,13,10,2002
774,"CIN",15,8,3,2004
775,"TEN",42,7,0,1998
776,"DEN",20,12,7,2000
777,"TEN",15,15,0,2004
778,"TEN",41,3,0,2006
779,"PHI",79,16,15,2002
780,"MIN",64,16,12,2004
781,"SEA",54,12,0,2004
782,"MIN",58,2,0,2000
783,"CHI",23,16,0,2005
784,"WAS",74,12,5,2005
785,"MIN",79,14,4,2001
637,"SD",24,14,0,2006
671,"SD",28,16,1,1999
717,"SD",61,12,12,2006
730,"SD",92,15,2,2002
746,"SD",42,16,16,2000
630,"SF",38,10,0,2004
639,"SF",21,15,15,2003
664,"SF",54,7,0,2006
716,"SF",98,16,11,2002
728,"SF",77,11,0,2000
643,"TB",5,5,0,2004
647,"TB",34,15,10,2005
756,"TB",71,16,16,2006
761,"TB",57,12,0,2006
766,"TB",87,4,0,1999
653,"GB",25,15,7,1999
705,"GB",35,14,11,2004
721,"GB",91,7,2,2003
723,"GB",31,16,16,2004
753,"GB",50,16,16,1998
641,"NE",3,16,0,2000
660,"NE",97,16,10,2006
687,"NE",7,5,0,2002
713,"NE",6,16,0,2006
745,"NE",37,12,11,2003
635,"NO",76,12,2,2000
650,"NO",1,3,0,2000
651,"NO",94,14,14,2006
720,"NO",41,16,16,1999
734,"NO",92,0,0,2006
786,"NYJ",98,11,0,1998
787,"DET",35,5,0,1998
789,"OAK",15,16,2,2006
791,"SEA",56,14,14,2005
792,"MIA",24,7,7,2004
793,"TEN",21,13,2,2004
795,"STL",26,8,7,2005
796,"CHI",92,16,14,2006
797,"IND",72,3,0,2003
799,"DEN",12,4,0,2003
801,"SEA",32,6,0,2006
802,"NYJ",54,16,14,1999
804,"ARI",48,16,0,2001
805,"HOU",57,2,0,2004
806,"PIT",76,16,1,2005
807,"MIN",13,3,3,1999
810,"PIT",10,13,13,2006
811,"CIN",16,16,0,2001
812,"ARI",42,16,16,2003
813,"STL",81,16,16,2001
814,"DEN",70,16,16,2001
815,"WAS",3,0,0,2001
816,"MIA",91,12,12,2004
817,"ARI",57,0,0,2005
818,"CLE",39,15,6,2005
819,"ARI",26,16,16,2004
820,"CAR",45,16,12,2004
821,"TEN",24,11,11,1998
822,"ATL",87,12,12,2003
824,"CIN",84,16,15,1998
825,"ATL",23,16,11,2002
827,"PHI",90,16,0,2004
828,"OAK",53,16,16,2006
829,"DAL",46,10,9,2002
832,"OAK",24,16,16,2006
833,"IND",20,10,0,2005
834,"PHI",29,7,0,2004
836,"ATL",94,5,0,2001
837,"DAL",17,16,2,2005
838,"HOU",34,16,15,2002
839,"MIN",76,16,16,2006
840,"CHI",71,16,2,2003
841,"STL",68,4,4,2001
842,"JAX",51,13,11,1998
843,"ATL",30,15,0,2006
844,"BAL",35,16,13,1998
845,"JAX",59,16,1,1999
846,"TEN",28,1,0,2002
851,"CIN",28,14,14,1999
852,"CLE",58,14,13,2001
854,"BUF",22,8,1,2000
855,"ATL",90,7,7,2004
856,"PHI",67,16,16,2002
857,"IND",28,16,16,2001
858,"DEN",81,5,1,1998
859,"STL",39,12,12,2006
861,"MIN",7,12,12,2005
863,"NYG",27,11,9,2004
864,"DEN",19,6,0,2004
865,"DAL",56,16,16,2000
866,"ARI",32,16,16,2001
867,"MIN",99,6,1,1999
868,"CAR",57,15,0,1998
870,"OAK",11,16,0,1998
871,"WAS",76,1,1,2006
872,"CAR",80,6,0,2006
873,"PHI",62,4,1,2000
874,"CIN",93,10,7,2005
875,"BUF",99,11,0,2005
877,"BUF",17,11,0,2003
878,"CAR",77,16,15,1998
879,"ATL",12,15,5,2003
880,"ATL",81,16,1,2001
884,"SEA",21,16,15,1998
885,"IND",23,11,4,2006
886,"CHI",35,6,0,1999
887,"BUF",59,9,0,2000
888,"ARI",50,14,14,2006
889,"HOU",80,9,9,2006
890,"DAL",14,16,0,2006
891,"ARI",59,6,0,2004
892,"ARI",80,16,7,2003
893,"DET",81,15,10,2005
894,"CIN",85,16,16,1999
895,"CAR",95,3,2,2003
896,"IND",74,14,10,2006
897,"MIN",75,0,0,2000
898,"OAK",37,13,0,2003
900,"CHI",10,1,0,2005
901,"IND",99,16,16,2003
903,"BAL",95,16,16,1999
904,"CIN",31,16,8,2002
905,"DEN",39,1,0,2002
906,"CIN",59,16,16,2006
908,"MIN",72,16,0,2006
909,"NYG",43,16,5,2003
910,"CIN",32,11,8,2000
911,"MIN",97,16,0,2004
912,"DAL",66,8,1,2002
913,"STL",35,16,1,1998
914,"HOU",99,15,13,2003
915,"STL",93,10,0,2001
918,"TEN",81,9,2,2006
919,"CIN",20,5,0,2005
920,"ATL",99,1,0,1998
921,"CIN",57,14,9,2000
922,"STL",5,16,0,2005
923,"BAL",91,4,0,1998
924,"JAX",33,16,11,2006
925,"CIN",44,9,0,2002
926,"HOU",12,14,3,2003
928,"DAL",21,16,16,1998
929,"DET",34,13,10,2000
930,"CIN",76,15,13,2001
932,"JAX",18,12,0,2006
933,"DAL",33,15,1,2006
934,"CLE",26,16,16,1998
935,"NYJ",20,16,14,2001
936,"SEA",71,15,15,2000
937,"SEA",47,13,0,2006
938,"PHI",56,9,1,2000
939,"OAK",34,12,7,2006
941,"CIN",22,15,14,2006
942,"ARI",34,1,0,1999
862,"SD",83,16,16,1999
869,"SD",23,15,13,2002
788,"SF",43,16,0,2001
790,"SF",89,5,0,2002
794,"SF",13,3,2,2003
831,"SF",23,11,0,2006
798,"TB",19,15,10,1998
826,"TB",95,16,16,1998
860,"TB",28,16,16,2006
931,"TB",11,6,0,2002
940,"TB",75,16,16,2004
808,"GB",18,1,0,2005
835,"GB",57,16,0,2003
848,"GB",32,11,3,2006
876,"GB",77,16,15,2003
882,"GB",85,13,13,2000
916,"GB",97,10,7,2002
800,"NE",27,16,16,2006
803,"NE",71,15,8,2006
847,"NE",53,16,0,2000
849,"NE",17,2,0,2002
853,"NE",29,3,0,2002
823,"NO",47,16,0,2004
902,"NO",82,14,11,2005
944,"CLE",84,16,12,1998
945,"PHI",74,7,1,2003
949,"CAR",65,5,3,1998
950,"HOU",94,15,1,2003
952,"NYJ",3,1,0,2006
954,"CAR",4,16,0,1999
955,"NYJ",55,16,1,1999
956,"BAL",70,16,0,2001
957,"PHI",93,14,8,2006
959,"IND",54,11,11,1998
960,"PIT",99,16,16,2001
961,"IND",36,16,1,2006
962,"BUF",90,14,14,2003
963,"CLE",78,13,6,1998
965,"CIN",82,15,15,2002
966,"OAK",93,7,6,2006
967,"PIT",68,15,0,2004
968,"CAR",99,16,14,2000
969,"WAS",66,16,16,2006
970,"CHI",72,3,0,2000
971,"DET",26,16,15,1999
973,"SEA",97,16,16,2002
974,"HOU",53,1,0,2006
975,"HOU",97,2,0,2004
976,"TEN",30,15,1,2002
977,"CAR",87,16,16,2004
978,"PIT",90,16,4,1998
979,"SEA",34,5,0,1999
980,"DET",8,16,16,1999
981,"NYG",97,10,9,1999
982,"IND",90,8,0,2002
983,"MIN",40,16,10,1999
984,"STL",88,15,11,2006
985,"MIN",5,16,0,2006
986,"JAX",26,16,15,2003
987,"BAL",4,16,0,2006
988,"ATL",9,16,0,2006
989,"NYG",61,0,0,2005
990,"PHI",4,1,0,2006
991,"ARI",96,3,0,2000
992,"CIN",75,16,0,2000
994,"DAL",63,16,16,2002
995,"SEA",53,15,0,2003
996,"NYJ",40,13,2,2000
997,"WAS",41,2,0,2006
998,"BAL",74,2,0,2002
1000,"PIT",35,10,4,1998
1001,"CHI",57,16,16,2000
1002,"PIT",57,14,0,2002
1004,"DEN",73,16,11,2004
1005,"CAR",56,16,0,1999
1006,"TEN",91,13,0,1998
1007,"DAL",91,16,0,2004
1009,"JAX",66,13,0,1999
1010,"BAL",26,16,16,2001
1011,"WAS",30,16,16,2000
1012,"CIN",19,16,0,2002
1013,"SEA",50,16,0,2000
1015,"CIN",80,3,2,2003
1017,"IND",45,11,0,2001
1018,"DEN",83,16,0,1999
1019,"HOU",44,16,12,1998
1020,"MIN",51,16,10,1998
1021,"STL",60,3,2,2005
1022,"OAK",9,16,0,1998
1026,"ATL",4,4,2,1999
1027,"MIA",22,15,14,1998
1028,"DET",54,16,0,2004
1030,"ARI",7,5,5,2003
1031,"MIA",71,9,2,2002
1033,"MIA",17,9,7,2006
1034,"DET",53,16,16,2004
1035,"STL",23,16,7,2004
1036,"CLE",93,3,0,1998
1037,"BUF",42,13,6,1999
1038,"DEN",78,16,16,1998
1039,"STL",75,0,0,1999
1040,"DET",59,14,1,1999
1041,"DEN",54,5,0,1999
1042,"CAR",92,15,1,2004
1043,"PHI",83,15,1,2006
1044,"CLE",31,15,15,2001
1046,"JAX",89,16,16,2005
1049,"BAL",52,14,14,2004
1050,"ATL",97,9,5,2001
1052,"IND",65,16,16,2006
1053,"BUF",9,16,0,2005
1054,"STL",91,7,7,1998
1055,"CIN",62,0,0,2006
1056,"MIA",76,16,14,2006
1057,"SEA",75,16,16,2000
1058,"MIN",46,16,0,2002
1059,"MIN",8,16,0,2005
1060,"STL",89,13,0,2002
1061,"TEN",70,16,0,2000
1062,"NYG",13,3,0,2000
1063,"BUF",7,9,7,1999
1064,"TEN",37,16,11,2006
1066,"CAR",21,16,16,1998
1067,"ARI",76,15,15,2006
1068,"DEN",47,13,12,2000
1069,"BUF",23,13,13,2002
1070,"WAS",85,8,1,1999
1071,"BAL",5,2,0,2006
1072,"WAS",38,6,0,2003
1073,"HOU",95,16,3,2002
1074,"PIT",37,9,0,2005
1075,"NYG",29,16,15,2006
1076,"OAK",85,16,3,1998
1077,"PIT",61,16,16,2001
1078,"PHI",25,15,0,2004
1079,"ATL",69,1,0,2004
1080,"ATL",94,3,0,2001
1081,"NYJ",74,16,16,2001
1083,"CHI",65,16,0,2004
1084,"CHI",38,16,15,2000
1085,"NYG",10,16,16,2000
1086,"IND",18,16,16,1999
1087,"CHI",24,16,5,2004
1088,"CIN",95,5,0,2005
1089,"CAR",36,16,2,1998
1091,"JAX",67,15,15,2001
1094,"DEN",15,16,16,2006
1095,"CIN",52,4,3,2003
1096,"CAR",31,16,4,1999
1097,"DAL",79,0,0,2004
1098,"MIA",88,15,15,1999
1099,"BAL",29,16,3,2000
947,"SD",10,16,0,2006
1090,"SD",86,16,11,2000
958,"SF",45,13,0,2001
1016,"SF",99,2,2,2006
943,"TB",59,16,14,2003
964,"TB",25,11,4,2004
1029,"TB",68,16,0,2002
1065,"TB",15,2,1,1999
951,"GB",74,15,15,2005
999,"GB",87,9,0,1999
1003,"GB",30,16,1,1998
1024,"GB",86,15,12,2005
946,"NE",77,15,15,2003
993,"NE",67,15,15,2002
1051,"NE",72,16,16,2006
1082,"NE",70,16,16,2001
1093,"NE",39,13,6,2004
948,"NO",43,16,3,2005
953,"NO",44,16,10,2000
1008,"NO",96,15,7,2006
1092,"NO",2,13,0,2005
1102,"DEN",17,12,1,2000
1103,"BAL",85,16,16,2006
1104,"PIT",41,5,0,2004
1105,"BUF",49,4,0,2005
1106,"STL",45,16,0,1998
1107,"CAR",71,1,0,2004
1108,"HOU",13,3,0,2006
1109,"JAX",27,14,14,2001
1110,"IND",98,13,12,2005
1111,"NYG",88,16,5,2003
1112,"MIA",45,16,9,2001
1113,"TEN",68,14,14,2000
1114,"CIN",50,3,0,2006
1115,"CIN",10,4,0,1998
1116,"CHI",4,15,0,1999
1117,"CIN",51,11,1,1998
1118,"BAL",21,8,8,2006
1120,"PIT",95,1,0,2004
1121,"DAL",1,16,0,2006
1122,"CHI",26,16,9,2001
1124,"WAS",80,9,1,1999
1125,"NYJ",81,16,5,2003
1126,"BUF",97,16,0,2000
1127,"MIN",31,16,9,2004
1128,"BAL",37,16,11,2004
1129,"CHI",58,5,0,2000
1130,"CAR",74,11,0,1998
1131,"ATL",62,16,16,2001
1132,"STL",67,14,10,2006
1133,"OAK",12,9,9,2005
1137,"ATL",64,0,0,2002
1138,"SEA",44,6,0,2004
1139,"JAX",93,14,9,2001
1141,"BAL",58,2,0,2006
1142,"JAX",96,4,0,2001
1143,"CLE",22,16,2,1999
1145,"DET",84,16,7,2006
1146,"PIT",20,13,0,2003
1147,"OAK",14,3,0,2003
1148,"BAL",23,15,15,1999
1149,"STL",59,12,0,2003
1150,"BUF",24,15,15,2000
1151,"CLE",55,13,11,2005
1152,"CHI",36,14,9,2003
1154,"DET",49,15,12,1998
1156,"WAS",52,14,14,2004
1157,"ATL",38,14,0,1998
1158,"NYG",67,16,16,2006
1160,"CHI",37,16,10,2002
1161,"DEN",99,15,10,1999
1163,"CLE",68,8,8,2000
1164,"HOU",76,3,3,2000
1165,"MIN",74,16,16,2003
1166,"STL",84,16,15,2006
1167,"CLE",90,15,0,2003
1168,"PHI",5,14,14,1999
1169,"BAL",9,7,6,2001
1171,"NYG",25,16,2,2003
1172,"DAL",77,16,0,2002
1173,"OAK",79,14,6,2006
1175,"SEA",92,16,10,1999
1177,"JAX",63,11,11,2002
1178,"JAX",92,16,9,1999
1181,"CHI",60,16,5,2006
1182,"DET",10,5,0,2006
1183,"PHI",27,14,11,1998
1184,"MIA",50,16,0,2001
1185,"ATL",88,8,2,1999
1187,"CIN",58,3,1,2005
1188,"CHI",69,15,15,2005
1189,"PIT",83,16,16,1998
1190,"TEN",4,1,0,1998
1191,"NYJ",22,2,0,1999
1192,"OAK",80,16,16,2002
1193,"STL",37,7,0,1999
1194,"ATL",36,16,16,2006
1195,"MIN",45,1,0,2005
1196,"JAX",94,6,0,2003
1197,"CHI",89,0,0,2006
1198,"STL",22,14,0,2004
1199,"MIN",92,10,0,1998
1200,"NYG",55,16,16,1999
1203,"NYG",19,4,0,2006
1205,"WAS",94,16,16,1998
1207,"NYJ",66,7,2,2003
1208,"NYJ",65,16,16,2006
1210,"STL",92,7,1,2004
1212,"DET",79,16,0,2003
1213,"CAR",3,10,3,1998
1214,"MIN",30,12,0,1998
1216,"IND",85,8,2,2001
1217,"CAR",94,16,1,2002
1218,"BUF",8,16,0,2000
1220,"ARI",87,15,0,2006
1221,"CAR",55,3,3,2003
1222,"OAK",51,9,0,2006
1223,"SEA",20,14,5,2002
1224,"IND",94,2,2,1999
1226,"OAK",52,16,16,2006
1227,"MIA",74,8,1,1999
1228,"NYJ",95,14,2,2004
1229,"DEN",94,6,1,2006
1231,"WAS",89,14,14,2003
1232,"NYG",83,14,2,1998
1233,"TEN",83,16,7,2006
1234,"MIA",63,15,0,2004
1236,"ATL",34,16,7,2006
1237,"CHI",87,16,16,2002
1238,"DET",48,16,0,2003
1240,"DET",64,15,14,2004
1241,"BUF",87,2,0,2001
1242,"NYJ",94,4,0,2001
1243,"DEN",85,12,2,2001
1244,"DEN",62,16,16,2004
1245,"CIN",96,15,2,2001
1247,"JAX",65,8,8,2003
1248,"DEN",66,5,5,2003
1251,"CIN",41,14,2,2003
1252,"MIA",68,0,0,2003
1140,"SD",20,16,16,2006
1162,"SD",91,14,2,2002
1170,"SD",73,16,16,2006
1135,"SF",19,0,0,2000
1144,"SF",91,9,0,2006
1209,"SF",56,16,1,2001
1250,"SF",55,5,2,2004
1256,"SF",6,16,0,2003
1134,"TB",12,5,3,1999
1255,"TB",56,15,0,1998
1101,"GB",82,15,5,2004
1204,"GB",75,8,3,1999
1206,"GB",96,9,0,2004
1219,"GB",34,13,0,1998
1239,"GB",95,3,0,2003
1249,"GB",16,1,0,2006
1179,"NE",31,16,0,2001
1202,"NE",24,10,0,2006
1215,"NE",95,1,0,2004
1225,"NE",34,6,2,2006
1230,"NE",81,16,16,1998
1254,"NE",61,8,8,2002
1100,"NO",10,4,0,2001
1119,"NO",26,3,3,2006
1136,"NO",59,4,0,2000
1159,"NO",34,15,15,2003
1174,"NO",17,0,0,2003
1257,"BUF",72,16,0,2006
1258,"JAX",25,16,15,1998
1260,"BUF",88,9,1,2006
1261,"OAK",62,14,14,1998
1262,"DAL",41,13,11,1998
1263,"BAL",92,16,16,2004
1264,"TEN",23,16,0,1999
1265,"ATL",54,13,0,2006
1267,"MIA",93,4,0,2002
1269,"JAX",42,16,0,2006
1270,"BAL",82,1,0,1999
1271,"JAX",62,15,5,2000
1273,"JAX",86,15,11,2004
1274,"ATL",32,15,2,1999
1275,"NYJ",1,16,0,2001
1276,"JAX",77,9,1,2006
1277,"CHI",68,2,0,2005
1279,"SEA",87,13,0,2000
1281,"TEN",98,16,16,2003
1282,"BAL",75,11,10,2001
1283,"DAL",23,8,0,1998
1284,"CHI",93,16,16,1999
1285,"NYG",60,16,16,2000
1286,"ATL",76,11,8,2000
1287,"ARI",55,1,0,2006
1288,"HOU",91,16,14,2006
1289,"NYJ",76,2,0,2006
1292,"CHI",82,14,5,2003
1294,"TEN",75,13,13,1998
1295,"CAR",76,0,0,2006
1296,"CIN",24,16,8,2001
1297,"OAK",46,13,1,2004
1298,"DET",6,0,0,2004
1299,"HOU",53,5,2,2004
1300,"CHI",18,3,3,2003
1302,"CHI",70,1,0,2006
1303,"DET",14,6,0,2002
1304,"TEN",66,0,0,2006
1305,"JAX",84,1,0,2001
1306,"DET",83,7,0,2006
1308,"JAX",24,16,0,2003
1309,"STL",49,14,1,1999
1310,"DAL",81,15,15,2001
1311,"ARI",97,16,15,1999
1312,"STL",76,1,1,2001
1313,"MIA",95,6,0,2003
1315,"CIN",9,16,16,2003
1316,"OAK",61,0,0,2001
1319,"PIT",39,15,15,1999
1320,"BUF",11,16,2,2003
1321,"PHI",32,3,0,1999
1322,"JAX",79,15,15,2001
1323,"NYG",36,1,0,2005
1324,"ARI",89,8,3,2004
1327,"PHI",98,16,15,2006
1328,"DEN",2,1,0,2000
1330,"DEN",41,15,2,2001
1331,"CHI",44,3,1,2006
1332,"SEA",36,3,0,2004
1333,"DEN",64,16,16,1998
1335,"CLE",56,14,5,2000
1336,"MIA",87,16,10,2002
1337,"CIN",94,16,16,2005
1339,"NYJ",10,9,8,2004
1340,"ATL",66,5,0,2002
1341,"CAR",90,14,14,2003
1343,"MIA",33,4,0,2000
1344,"CIN",88,2,1,2001
1345,"DET",66,13,13,1999
1346,"BUF",71,15,15,1999
1347,"CHI",29,16,5,1998
1348,"MIN",28,14,9,2000
1350,"SEA",59,16,16,2000
1351,"DEN",97,7,0,1999
1352,"JAX",54,10,10,2003
1353,"PHI",21,14,6,2006
1355,"STL",71,5,1,2001
1356,"TEN",85,0,0,2006
1357,"JAX",91,10,0,2006
1358,"CLE",50,0,0,2006
1362,"NYG",58,16,16,2001
1364,"ATL",20,6,0,2004
1368,"IND",97,9,1,2000
1369,"STL",30,11,0,2004
1370,"HOU",48,16,0,1999
1371,"BAL",24,8,1,2000
1373,"HOU",69,16,16,2001
1374,"SEA",1,16,0,2001
1375,"CLE",5,3,0,2002
1376,"NYJ",82,4,0,1999
1377,"JAX",3,16,0,2000
1378,"PIT",43,11,11,2003
1379,"CHI",39,5,0,2002
1382,"SEA",88,14,10,1998
1383,"CLE",64,16,0,2004
1384,"CLE",21,16,16,2006
1385,"MIA",56,16,9,2006
1386,"NYG",33,0,0,1998
1387,"ARI",82,13,12,2006
1389,"OAK",84,16,16,2006
1390,"MIA",55,16,15,1998
1391,"WAS",26,16,16,2002
1392,"BUF",51,3,3,2000
1393,"NYJ",31,16,9,2004
1394,"NYJ",91,16,1,2000
1395,"BUF",91,1,0,1998
1396,"ATL",1,2,0,2001
1397,"BUF",75,13,0,2005
1398,"BUF",81,4,4,2005
1399,"WAS",20,15,3,2003
1400,"DAL",71,16,2,2003
1401,"BAL",27,14,0,2000
1402,"BAL",90,5,2,2003
1403,"WAS",62,11,1,2001
1404,"CLE",60,0,0,2006
1405,"HOU",88,8,1,2003
1406,"ATL",71,0,0,2000
1407,"CLE",10,2,0,1998
1408,"WAS",61,15,15,2005
1409,"ARI",1,16,0,2006
1410,"SEA",48,5,0,1999
1411,"DET",51,16,16,2006
1412,"DET",71,1,0,2002
1413,"PHI",77,9,0,2006
1278,"SD",72,4,0,2006
1290,"SD",70,12,10,2006
1291,"SD",25,0,0,2004
1293,"SD",99,16,16,2002
1301,"SD",81,16,0,1998
1272,"SF",44,16,6,2004
1266,"TB",30,1,0,1998
1334,"TB",39,16,1,1999
1338,"TB",70,16,12,2006
1349,"TB",96,10,0,2004
1354,"TB",77,4,4,1999
1359,"TB",23,15,15,2001
1367,"TB",21,3,0,1998
1317,"GB",64,2,0,1998
1342,"GB",26,16,0,1999
1361,"GB",79,14,14,2004
1388,"GB",51,16,15,2003
1280,"NE",68,15,1,2004
1329,"NE",66,16,0,2002
1259,"NO",67,16,16,1999
1307,"NO",86,8,0,2006
1325,"NO",81,16,5,2006
1365,"NO",20,0,0,2006
1414,"DEN",11,2,0,2000
1415,"WAS",82,15,13,2002
1416,"DAL",90,15,14,2005
1417,"CIN",25,3,0,2000
1418,"ARI",12,4,0,2006
1420,"PHI",94,7,0,2006
1421,"ARI",10,2,0,1999
1422,"DET",78,16,16,2002
1423,"ATL",8,7,4,1998
1424,"BAL",20,16,16,1999
1425,"PHI",30,15,3,2000
1427,"PIT",3,16,0,2004
1428,"BUF",82,15,11,2000
1429,"MIA",15,1,0,2005
1430,"DAL",35,16,12,2001
1431,"IND",95,16,1,1998
1432,"PIT",15,6,0,1998
1434,"NYJ",24,16,16,2005
1435,"JAX",78,2,0,2006
1436,"OAK",33,10,2,2006
1437,"NYJ",25,16,16,2000
1438,"MIN",18,13,4,2000
1439,"DEN",97,6,1,2000
1440,"OAK",98,16,11,2006
1441,"MIN",49,14,3,2006
1442,"CHI",11,0,0,1998
1445,"CHI",53,3,0,2004
1446,"NYG",98,16,14,2006
1447,"NYJ",63,16,15,2001
1448,"CIN",98,16,4,2001
1449,"HOU",66,0,0,2005
1450,"MIA",75,6,0,2004
1451,"HOU",23,9,9,2003
1452,"SEA",49,3,0,1999
1454,"ATL",19,15,6,1999
1456,"DET",38,6,0,2000
1457,"CAR",10,16,0,2006
1458,"MIN",96,16,5,1999
1459,"PHI",6,16,0,2005
1461,"PIT",7,15,15,2006
1462,"WAS",22,7,7,1999
1463,"DAL",50,16,0,2006
1464,"DEN",43,2,0,1999
1465,"DET",92,16,16,2006
1466,"ARI",21,16,7,2004
1467,"BAL",22,6,5,2005
1469,"STL",65,9,9,1999
1470,"DAL",9,16,16,2000
1471,"TEN",71,16,16,2005
1472,"CAR",88,16,2,2001
1473,"HOU",18,10,5,2005
1474,"NYG",31,15,9,2001
1475,"BAL",34,6,0,2002
1476,"PIT",30,15,0,2005
1477,"MIA",98,13,9,1998
1479,"OAK",26,16,13,2006
1480,"CIN",3,1,0,1999
1481,"BUF",84,16,16,2006
1482,"CLE",99,13,6,2006
1483,"CIN",92,5,0,2006
1484,"CAR",93,16,16,2000
1485,"NYG",65,16,0,2002
1486,"PHI",69,16,16,2006
1487,"IND",34,14,0,2001
1488,"SEA",25,16,16,2002
1489,"PIT",33,4,0,2005
1490,"OAK",2,4,1,1999
1492,"STL",95,16,0,2002
1494,"NYJ",88,10,1,2002
1495,"HOU",59,16,16,2002
1496,"DET",67,14,2,2005
1497,"HOU",74,16,16,2006
1498,"WAS",78,0,0,2000
1499,"BAL",36,1,0,1999
1501,"WAS",60,16,16,1999
1502,"IND",21,15,15,2003
1504,"ATL",29,14,6,2004
1505,"OAK",90,16,12,2005
1506,"CIN",65,3,0,1999
1508,"DEN",37,16,8,2006
1509,"BAL",42,9,0,2006
1510,"OAK",99,16,16,2002
1511,"MIA",64,16,16,2000
1512,"IND",63,16,16,2002
1513,"DEN",10,14,0,2005
1515,"TEN",80,16,16,2004
1516,"TEN",57,9,0,2002
1518,"JAX",10,8,0,2001
1519,"BUF",39,3,0,1998
1520,"BAL",57,16,16,2006
1521,"BUF",43,15,2,1998
1522,"MIN",98,4,0,2006
1523,"IND",73,16,16,2000
1524,"DET",73,7,2,1999
1525,"HOU",8,11,11,2006
1526,"DEN",88,15,7,2006
1527,"CIN",56,13,5,2003
1528,"ATL",46,12,0,1998
1529,"BUF",94,16,16,2003
1530,"ARI",95,2,0,2005
1531,"PHI",89,15,6,1999
1532,"BUF",80,3,1,1999
1533,"MIA",31,7,4,2000
1534,"OAK",30,15,10,2002
1537,"WAS",45,14,12,2006
1538,"ARI",63,14,2,1998
1539,"JAX",43,2,2,2004
1540,"PIT",9,16,0,2006
1541,"IND",55,13,1,2000
1542,"STL",66,3,3,2002
1543,"NYG",69,16,16,1998
1544,"CAR",59,11,0,2002
1546,"CLE",77,16,16,2001
1548,"MIN",42,16,16,2003
1549,"OAK",95,1,0,2006
1550,"CAR",97,14,0,2006
1551,"MIA",70,16,16,2003
1552,"PHI",26,11,11,2004
1553,"MIN",81,16,15,2001
1554,"ARI",31,16,0,2006
1555,"DEN",28,7,0,2001
1556,"NYG",80,14,14,2000
1559,"HOU",22,1,1,1999
1560,"PIT",73,16,16,2004
1561,"TEN",96,4,0,2006
1563,"BUF",30,1,1,2001
1564,"OAK",65,16,16,2006
1565,"DET",50,16,16,2006
1566,"SEA",67,16,16,1998
1568,"WAS",58,4,0,2006
1444,"SD",17,16,16,2006
1517,"SD",5,16,0,2000
1557,"SD",59,15,0,2006
1455,"SF",24,15,1,2004
1468,"SF",26,16,16,2005
1570,"SF",65,8,8,2000
1491,"TB",51,15,15,2002
1535,"TB",78,16,16,2002
1567,"TB",98,9,0,2006
1453,"GB",81,9,1,2006
1460,"GB",12,2,0,2000
1478,"GB",37,11,3,2006
1443,"NE",82,3,0,2006
1500,"NE",22,16,14,2006
1503,"NE",36,15,15,1998
1433,"NO",39,14,0,1999
1514,"NO",93,1,0,2006
1547,"NO",58,14,14,2002
1558,"NO",51,16,3,2003
1562,"NO",53,16,16,2006
1571,"PIT",91,11,11,2000
1574,"PIT",27,16,10,2001
1575,"ARI",94,16,14,2006
1576,"NYJ",16,16,9,2003
1577,"DET",93,16,2,2002
1578,"JAX",52,15,15,2005
1580,"MIN",24,14,13,1998
1581,"NYJ",33,15,4,1998
1582,"IND",17,16,0,2006
1583,"CIN",90,16,16,2005
1584,"DET",23,15,1,2001
1585,"MIA",58,4,0,2006
1588,"PHI",82,10,9,2003
1590,"PIT",77,12,12,2002
1591,"BAL",32,16,1,1998
1592,"DEN",26,14,0,2001
1593,"STL",56,4,0,2000
1594,"CLE",98,16,16,2002
1595,"CLE",91,15,11,2002
1596,"CAR",89,15,15,2006
1597,"NYG",12,5,0,2000
1598,"ARI",45,16,11,2004
1599,"BAL",10,7,2,2004
1600,"NYJ",71,13,0,2002
1602,"JAX",80,6,0,2001
1603,"WAS",27,13,11,1999
1604,"NYG",76,16,16,2006
1605,"DEN",72,0,0,2004
1606,"ATL",44,7,0,2006
1607,"IND",48,16,0,2003
1609,"MIA",96,8,0,2001
1611,"CLE",27,9,0,2005
1612,"IND",12,4,0,2004
1613,"CLE",61,0,0,1998
1615,"PIT",89,14,5,2004
1617,"DAL",96,16,16,2006
1618,"DAL",93,16,6,2005
1619,"NYJ",53,1,0,1998
1620,"SEA",65,16,16,2003
1622,"JAX",95,15,12,2006
1623,"PHI",51,14,14,2003
1626,"MIA",59,16,5,2002
1627,"WAS",24,16,14,2006
1630,"CHI",78,16,5,2001
1631,"CIN",48,16,0,2003
1632,"PIT",2,0,0,2006
1636,"BUF",57,16,0,2004
1637,"DAL",86,2,0,2006
1638,"STL",19,3,0,2001
1639,"ATL",96,14,6,1999
1640,"PIT",72,0,0,2006
1641,"PIT",78,16,4,2000
1642,"TEN",90,14,4,1998
1643,"JAX",20,16,0,2001
1645,"CLE",65,16,16,2004
1646,"CIN",69,11,4,1998
1647,"STL",79,6,6,2002
1649,"TEN",76,16,16,2001
1650,"OAK",86,16,0,2000
1651,"BAL",56,16,0,2000
1653,"DET",68,0,0,2003
1654,"DEN",14,13,9,2006
1655,"ATL",39,12,0,2002
1657,"WAS",23,3,0,2004
1659,"BAL",3,16,0,2006
1660,"NYG",92,16,15,2004
1663,"SEA",38,5,3,2000
1664,"JAX",99,9,9,2006
1665,"HOU",64,3,0,2000
1666,"ATL",47,4,0,2000
1667,"SEA",89,8,0,1999
1668,"BAL",55,16,16,2006
1669,"WAS",6,16,0,2004
1672,"DET",46,3,1,2003
1673,"BAL",88,15,10,2005
1674,"ARI",71,13,7,2006
1675,"MIN",38,10,0,2006
1676,"CHI",76,15,15,2006
1677,"PHI",38,16,8,1999
1678,"SEA",55,16,16,2005
1679,"SEA",51,16,16,2005
1681,"SEA",86,8,0,1998
1682,"MIN",29,14,8,2006
1683,"JAX",28,15,15,2004
1685,"PIT",24,16,16,2006
1686,"MIA",99,16,16,2001
1687,"WAS",21,9,9,2001
1688,"ATL",53,16,0,2004
1689,"CAR",18,0,0,2005
1690,"CAR",28,15,1,2001
1691,"STL",75,6,3,2006
1692,"SEA",93,16,2,2002
1693,"BAL",78,12,9,2003
1695,"CAR",16,7,6,2006
1698,"BUF",28,10,2,2005
1699,"NYJ",99,16,14,2003
1701,"MIN",54,13,0,1998
1704,"CLE",73,16,16,2004
1705,"IND",91,15,7,2006
1706,"PHI",75,16,7,1999
1707,"BUF",25,9,3,2002
1708,"DEN",79,16,5,2003
1709,"JAX",53,4,1,1999
1712,"WAS",77,3,3,2006
1713,"OAK",55,14,11,2000
1715,"PHI",72,15,15,1998
1716,"MIA",54,5,5,2005
1717,"CLE",51,16,0,2002
1718,"JAX",34,3,0,1998
1719,"DAL",28,8,0,2000
1720,"TEN",50,16,16,2001
1721,"CIN",97,14,14,2003
1722,"IND",15,5,0,2000
1723,"WAS",83,12,4,2001
1724,"CHI",33,15,15,2003
1725,"MIA",26,3,1,1999
1726,"PIT",94,16,0,2005
1727,"STL",50,9,9,2001
1628,"SD",43,15,0,2000
1572,"SF",11,7,7,2000
1579,"SF",50,15,14,2006
1608,"SF",68,16,11,2006
1610,"SF",90,16,5,2001
1621,"SF",36,11,1,2005
1633,"SF",74,16,16,2006
1661,"SF",30,13,4,2006
1573,"TB",81,14,14,2004
1624,"TB",94,10,8,2006
1629,"TB",17,7,0,2006
1648,"TB",86,15,3,2004
1656,"TB",44,9,3,1999
1658,"TB",85,15,1,2005
1625,"GB",72,15,12,2005
1680,"GB",65,16,16,2006
1589,"NE",90,13,0,2005
1614,"NE",82,3,0,2006
1616,"NE",28,1,0,1999
1635,"NE",18,16,9,1999
1697,"NE",96,16,15,1998
1700,"NE",86,2,0,2000
1714,"NE",92,4,0,2000
1601,"NO",91,16,16,2006
1644,"NO",27,16,6,1999
1652,"NO",78,16,16,2005
1662,"NO",64,15,1,2000
1702,"NO",22,7,0,2004
1703,"NO",99,16,14,2005
1728,"CHI",75,3,0,2005
1729,"JAX",22,2,1,2004
1730,"PHI",52,7,0,2006
1731,"NYG",71,6,0,2003
1733,"NYG",81,16,15,2003
1734,"NYG",53,16,6,2004
1735,"WAS",29,16,0,2001
1736,"IND",75,4,0,2001
1737,"PIT",26,16,16,2002
1738,"MIA",94,15,14,2005
1739,"BUF",98,16,16,2004
1741,"TEN",84,16,2,2002
1743,"SEA",23,16,16,2000
1744,"NYJ",57,6,0,2006
1745,"NYG",91,16,2,2001
1747,"CLE",72,12,8,2005
1748,"NYJ",8,0,0,2005
1749,"TEN",55,16,1,1998
1750,"PIT",84,6,1,1999
1751,"HOU",1,16,0,2001
1754,"NYJ",75,2,0,2005
1755,"NYJ",45,9,0,2001
1757,"NYG",9,16,0,2002
1758,"NYG",85,12,0,2004
1759,"MIN",95,16,15,2003
1760,"IND",67,11,11,1999
1762,"NYG",72,16,16,2002
1763,"ARI",85,10,2,2003
1764,"CHI",54,16,16,2004
1765,"IND",86,14,13,2006
1766,"TEN",93,16,16,2001
1767,"CHI",31,4,2,1999
1768,"TEN",99,3,0,2000
1770,"CLE",47,16,14,2004
1771,"BAL",80,8,2,2005
1772,"TEN",96,4,0,2006
1773,"NYJ",51,7,7,2003
1774,"IND",4,16,0,2002
1775,"ARI",73,7,1,2000
1776,"STL",31,8,0,2006
1778,"PHI",66,8,1,2006
1780,"MIN",19,16,12,2006
1782,"STL",20,16,1,2005
1783,"WAS",71,11,10,2002
1784,"CAR",68,16,16,2006
1785,"STL",87,7,3,2000
1786,"HOU",37,5,2,1998
1787,"CHI",99,12,8,2002
1790,"DEN",84,8,5,2006
1791,"BUF",68,16,16,2006
1792,"OAK",16,1,0,1999
1793,"HOU",83,16,15,2001
1794,"DET",17,13,0,2000
1795,"SEA",39,9,0,2003
1796,"SEA",15,9,0,2006
1797,"STL",27,5,3,2004
1798,"OAK",72,0,0,2005
1799,"OAK",28,4,0,2005
1800,"NYG",34,8,5,2002
1801,"PIT",86,13,13,2005
1802,"NYG",26,1,0,1999
1803,"DAL",94,16,16,2000
1804,"ARI",22,15,0,1999
1805,"ARI",13,14,11,1999
1806,"OAK",61,12,3,2001
1807,"PIT",60,16,0,2004
1809,"OAK",27,15,4,2002
1811,"NYJ",29,16,4,2000
1812,"WAS",53,12,11,1998
1813,"MIA",51,3,0,2004
1814,"PIT",85,16,4,2005
1815,"NYJ",42,9,0,2004
1816,"CLE",92,5,1,2002
1819,"DAL",25,14,1,2005
1821,"ARI",98,16,16,2002
1822,"CIN",33,16,6,2005
1823,"IND",87,16,16,2002
1824,"HOU",70,12,12,1998
1826,"HOU",98,15,13,2006
1827,"SEA",43,16,4,2000
1829,"NYG",23,14,3,2004
1830,"BUF",21,1,1,2005
1831,"DEN",58,16,15,2003
1833,"ATL",14,1,0,1999
1834,"ATL",74,8,7,2000
1838,"ARI",74,16,16,2006
1840,"BUF",29,14,0,2000
1841,"CAR",23,2,0,2002
1843,"PHI",36,15,15,1998
1844,"CAR",70,16,16,2006
1845,"NYG",79,16,0,2006
1846,"MIN",27,11,0,2003
1847,"HOU",63,6,0,2004
1848,"DET",99,14,14,2002
1850,"TEN",25,16,16,2000
1851,"CIN",26,15,3,2006
1852,"ATL",84,16,15,1999
1855,"BUF",20,15,15,2004
1856,"BUF",65,3,0,2005
1857,"CIN",77,16,16,2002
1859,"BAL",83,5,2,2004
1860,"JAX",19,16,14,2002
1863,"ATL",67,15,0,2005
1865,"STL",14,16,0,1999
1866,"ATL",50,15,0,2006
1867,"NYG",59,13,0,2002
1868,"ARI",24,9,9,2006
1869,"CAR",27,4,0,2003
1870,"PIT",80,16,1,2000
1871,"WAS",95,15,0,1999
1873,"BUF",37,12,9,2002
1874,"NYG",28,13,13,2000
1875,"SEA",26,12,0,2000
1876,"MIA",65,0,0,2005
1878,"OAK",63,0,0,2001
1879,"CIN",35,1,0,2000
1880,"CHI",59,15,0,2006
1881,"DET",31,10,5,2001
1882,"CLE",81,0,0,2005
1883,"CIN",63,16,16,2002
1732,"SD",21,16,16,2003
1746,"SD",94,6,0,2000
1753,"SD",33,16,0,2002
1777,"SD",7,5,0,2006
1817,"SD",53,0,0,1999
1832,"SD",32,15,0,2006
1854,"SD",6,0,0,2006
1862,"SD",57,14,14,1998
1761,"SF",53,16,2,1998
1788,"SF",46,16,10,2001
1835,"SF",17,2,1,2000
1884,"SF",81,3,0,2006
1740,"TB",50,3,1,2001
1742,"TB",65,16,16,2004
1781,"TB",76,16,16,2005
1849,"TB",91,16,1,1999
1789,"GB",41,12,0,2000
1839,"GB",63,14,13,2006
1853,"GB",59,13,0,2002
1769,"NE",41,2,0,2001
1779,"NE",50,16,15,1999
1808,"NE",94,16,16,2003
1810,"NE",15,14,0,2006
1820,"NE",84,12,8,1999
1837,"NE",83,16,13,2005
1825,"NO",7,16,0,1999
1885,"STL",16,7,0,2005
1886,"JAX",29,14,14,2001
1889,"DEN",55,16,16,2000
1890,"CAR",34,16,0,1999
1891,"BAL",87,9,4,2005
1892,"ATL",51,16,16,2002
1893,"HOU",86,2,0,1999
1895,"CHI",52,16,1,2004
1896,"ATL",24,14,2,1999
1897,"MIN",93,16,16,2003
1898,"BUF",95,16,16,2006
1899,"CLE",94,16,9,2004
1900,"CIN",40,13,13,2006
1901,"HOU",90,16,16,2001
1902,"JAX",74,15,10,2006
1903,"OAK",17,6,0,2006
1904,"MIN",94,16,16,2006
1905,"TEN",11,0,0,2003
1906,"JAX",11,15,6,2006
1907,"MIA",34,1,0,2000
1908,"DAL",31,15,13,2001
1909,"DET",11,12,12,2005
1910,"TEN",86,16,14,2001
1911,"OAK",54,11,4,2004
1912,"BUF",36,0,0,2000
1913,"MIN",25,13,2,1998
1915,"ATL",52,6,0,2002
1916,"MIN",82,11,8,1998
1917,"BAL",17,5,0,2003
1919,"SEA",74,5,0,2006
1920,"CLE",95,16,16,1999
1921,"DEN",51,14,2,2004
1922,"BAL",28,16,0,2002
1923,"MIN",26,10,10,2000
1924,"CLE",80,16,14,2006
1925,"HOU",73,16,16,1998
1926,"BUF",27,7,1,2000
1927,"STL",51,16,15,1999
1929,"DAL",82,16,16,2001
1930,"CHI",25,13,0,2005
1931,"SEA",77,14,1,2003
1932,"PIT",56,13,0,2006
1933,"TEN",56,8,0,2006
1936,"DET",65,13,8,2003
1937,"MIA",44,12,7,2005
1938,"IND",51,3,0,2004
1940,"JAX",87,11,6,2005
1941,"NYG",2,4,0,2004
1942,"BUF",31,14,0,2006
1943,"CLE",24,14,13,2006
1944,"CLE",29,16,1,2000
1945,"CLE",25,7,1,2006
1946,"NYG",75,6,0,2003
1948,"MIA",90,13,9,2000
1949,"NYJ",15,16,1,2004
1950,"STL",99,11,0,2004
1951,"SEA",66,0,0,2000
1952,"SEA",95,12,0,2000
1954,"HOU",25,8,1,2002
1956,"BAL",73,16,12,2006
1958,"WAS",87,15,1,2000
1959,"BUF",26,11,3,1999
1962,"PHI",71,1,0,2005
1963,"DEN",35,15,8,2003
1965,"TEN",10,15,15,2005
1966,"CLE",15,12,0,2005
1967,"JAX",88,16,0,2001
1968,"HOU",92,16,1,2006
40,"DET",83,4,0,2007
49,"BUF",77,4,0,2007
82,"OAK",28,0,0,2007
91,"TEN",28,4,0,2007
162,"MIN",60,1,0,2007
319,"PIT",21,3,0,2007
350,"PIT",55,3,0,2007
353,"TEN",51,2,0,2007
358,"HOU",40,7,0,2007
375,"DET",55,2,0,2007
425,"IND",30,11,0,2007
481,"OAK",38,2,0,2007
499,"DEN",3,1,0,2007
541,"TEN",94,9,0,2007
566,"MIN",37,9,0,2007
572,"PIT",54,9,0,2007
580,"SEA",9,0,0,2007
586,"MIA",27,6,2,2007
636,"DEN",63,4,4,2007
680,"MIN",73,4,0,2007
764,"STL",44,1,0,2007
799,"NYG",87,12,1,2007
855,"JAX",90,9,0,2007
917,"NYJ",79,7,0,2007
942,"STL",33,1,0,2007
1071,"CAR",5,1,0,2007
1080,"DEN",98,8,0,2007
1136,"PHI",50,7,0,2007
1203,"WAS",19,4,0,2007
1299,"JAX",53,3,0,2007
1396,"DEN",5,2,0,2007
1417,"IND",35,1,0,2007
1439,"IND",78,2,0,2007
1519,"SEA",33,4,0,2007
1689,"OAK",19,1,0,2007
1689,"STL",18,1,0,2007
1718,"MIA",27,3,0,2007
1903,"TEN",18,2,0,2007
29,"KC",69,14,14,2000
32,"KC",81,0,0,2005
83,"KC",57,3,0,2001
92,"KC",35,6,0,2000
108,"KC",26,3,0,1998
117,"KC",99,12,0,1999
125,"KC",26,6,0,2002
167,"KC",70,15,15,1999
173,"KC",82,16,15,2004
179,"KC",34,13,1,2006
330,"KC",2,16,0,1999
371,"KC",12,10,6,2001
401,"KC",51,16,0,2000
466,"KC",85,12,0,2006
471,"KC",89,16,2,2000
483,"KC",59,16,16,2001
488,"KC",95,16,15,2003
562,"KC",97,10,0,2005
633,"KC",88,16,16,2000
679,"KC",46,13,1,2003
698,"KC",91,16,16,2006
727,"KC",30,4,0,2003
731,"KC",50,16,13,2000
732,"KC",98,15,0,1999
809,"KC",31,4,2,2004
830,"KC",11,11,10,2003
1894,"SD",76,13,13,2006
1918,"SF",52,16,16,1998
1939,"SF",69,4,0,2002
1961,"SF",97,16,16,2005
502,"SF",88,1,0,2007
1887,"TB",24,4,4,2002
125,"TB",29,8,1,2007
298,"TB",18,1,0,2007
1888,"GB",99,16,9,1998
1914,"GB",38,16,1,2006
1935,"GB",21,14,14,2001
1953,"GB",42,7,4,1999
1934,"NE",58,16,0,1999
1947,"NE",99,9,1,2004
1957,"NE",74,7,1,2004
1117,"NE",46,1,0,2007
1955,"NO",98,12,1,2000
1960,"NO",66,9,8,1998
1964,"NO",38,14,0,1999
899,"KC",56,16,16,2006
907,"KC",27,8,8,2000
917,"KC",73,0,0,2004
972,"KC",87,8,8,2006
1014,"KC",24,16,16,2006
1025,"KC",60,0,0,2006
1123,"KC",90,16,1,2006
1153,"KC",47,13,0,2005
1155,"KC",77,15,15,2001
1176,"KC",7,1,0,2001
1268,"KC",64,12,0,2006
1314,"KC",44,16,16,2000
1318,"KC",18,15,7,2004
1326,"KC",22,13,0,2006
1363,"KC",52,0,0,2002
1381,"KC",49,16,15,2001
1419,"KC",6,10,0,2003
1426,"KC",92,4,0,2004
1507,"KC",20,14,2,2001
1569,"KC",83,9,0,2002
1586,"KC",72,2,0,1999
1587,"KC",21,16,6,2001
1634,"KC",61,2,0,2005
1670,"KC",23,16,16,2003
1671,"KC",71,13,4,2005
1684,"KC",65,3,0,2000
1694,"KC",60,11,8,2005
1696,"KC",4,1,0,1999
1710,"KC",55,4,0,2002
1752,"KC",74,7,5,2002
1756,"KC",93,15,1,2006
1818,"KC",54,16,16,2000
1828,"KC",80,16,2,2005
1836,"KC",76,16,16,2000
1842,"KC",25,15,1,2006
1858,"KC",62,16,16,2000
1864,"KC",96,16,2,2001
1877,"KC",84,16,13,2006
273,"KC",5,5,0,2007
974,"KC",52,1,0,2007
304,"SD",66,16,6,2005
442,"SD",68,16,16,2005
449,"SD",51,16,0,2001
606,"SD",85,16,15,1999
626,"SD",79,16,16,1999
1180,"SD",56,15,15,1999
1235,"SD",63,16,0,2004
1246,"SD",40,13,0,2005
1253,"SD",41,13,9,2004
1360,"SD",95,15,15,2006
1366,"SD",34,10,3,2001
1380,"SD",52,10,2,2004
1928,"SD",65,11,4,2003
380,"SD",89,10,7,2007
1419,"SD",16,1,0,2007
739,"SF",27,15,15,2006
767,"SF",66,16,16,2005
850,"SF",82,15,14,2006
881,"SF",86,16,0,2006
883,"SF",75,5,5,1998
1023,"SF",4,16,0,2005
1032,"SF",18,14,3,2006
1045,"SF",28,12,0,2005
1047,"SF",84,13,0,2006
1048,"SF",32,16,16,2002
864,"SF",88,4,0,2007
146,"TB",58,15,0,2000
238,"TB",72,0,0,1999
283,"TB",93,16,15,2003
306,"TB",80,14,4,2002
420,"TB",22,14,1,2006
613,"TB",83,1,0,2001
1372,"TB",32,10,3,1999
464,"GB",80,15,14,1999
927,"GB",89,16,9,2006
1493,"GB",9,16,0,2004
230,"NE",54,16,16,2006
288,"NE",16,6,0,2003
609,"NE",21,16,3,1998
1536,"NE",55,16,4,2002
1545,"NE",93,9,8,1999
1861,"NE",75,16,16,2005
1872,"NE",26,11,6,1998
297,"NO",71,14,2,1998
614,"NO",85,8,0,2004
769,"NO",19,16,9,2006
1186,"NO",83,16,6,2000
1201,"NO",50,10,0,2002
1211,"NO",16,16,5,2006
1711,"NO",23,12,1,2001
